Date,NoDur,Durbl,Manuf,Enrgy,HiTec,Telcm,Shops,Hlth ,Utils,Other
1926-07,1.45,15.55,4.69,-1.18,2.9,0.83,0.11,1.77,7.04,2.16
1926-08,3.97,3.68,2.81,3.47,2.66,2.17,-0.71,4.25,-1.69,4.38
1926-09,1.14,4.8,1.15,-3.39,-0.38,2.41,0.21,0.69,2.04,0.29
1926-10,-1.24,-8.23,-3.63,-0.78,-4.58,-0.11,-2.29,-0.57,-2.63,-2.85
1926-11,5.2,-0.19,4.1,0.01,4.71,1.63,6.43,5.42,3.71,2.11
1926-12,0.82,9.89,3.74,2.82,-0.02,1.99,0.62,0.11,-0.17,3.4
1927-01,-0.67,-0.92,-0.08,1.29,-1.13,1.88,-2.55,5.05,-1.79,1.51
1927-02,3.37,8.91,5.81,1.47,4.45,3.97,3.61,1.71,4.53,5.06
1927-03,2.73,1.62,1.43,-6.01,1.45,5.56,-0.41,1.01,0.37,1.27
1927-04,3.35,3.15,0.77,-5.17,5.4,-2.13,4.46,2.74,1.71,0.86
1927-05,8.14,5.93,5.07,4.82,7.37,3.35,2.34,4.12,9.21,6.43
1927-06,-1.79,-3.0,-2.77,-3.16,3.28,-2.14,-0.62,0.54,-3.57,-2.11
1927-07,4.81,13.09,12.07,2.85,12.16,3.73,9.84,9.84,5.31,6.09
1927-08,2.76,6.98,2.89,-0.04,5.71,0.43,7.34,0.28,3.43,-1.06
1927-09,5.24,5.67,4.76,3.32,1.21,6.53,7.5,5.65,8.29,4.6
1927-10,-0.8,-4.38,-6.69,-2.04,-7.23,-2.09,-4.93,5.13,-4.34,-3.79
1927-11,6.81,6.39,10.84,4.16,10.8,2.83,11.67,3.68,6.32,4.5
1927-12,2.46,7.77,3.08,0.89,1.22,1.33,-0.68,-0.46,2.24,1.98
1928-01,0.52,-3.34,-0.58,-1.86,-0.39,0.3,-0.88,2.69,5.87,-0.99
1928-02,-4.17,1.26,-1.88,-0.22,-0.46,-0.3,-1.12,-1.38,-0.68,-2.0
1928-03,4.39,27.49,8.19,5.32,19.42,1.96,8.49,10.54,6.62,6.09
1928-04,-0.46,1.46,1.5,15.12,2.23,3.22,0.0,2.35,10.94,4.22
1928-05,0.88,5.65,3.53,-5.29,2.3,6.61,3.79,9.27,1.51,0.0
1928-06,-4.42,-4.08,-4.93,-4.07,-5.03,-5.22,-3.4,-3.15,-3.43,-4.27
1928-07,1.68,0.94,1.99,1.05,0.65,-1.28,5.44,2.39,-1.24,-0.36
1928-08,6.11,9.04,8.67,2.41,9.75,4.55,13.53,14.57,6.46,4.75
1928-09,1.14,7.88,4.17,5.34,0.66,0.15,0.17,-1.14,3.76,0.98
1928-10,0.9,0.08,4.33,2.04,1.85,2.97,5.9,0.05,-1.89,-0.42
1928-11,6.62,4.51,13.08,17.23,19.56,6.68,15.29,5.05,21.93,10.02
1928-12,-0.52,-1.22,3.09,-4.36,7.13,-0.38,-1.32,-0.41,1.57,0.45
1929-01,3.38,1.3,11.0,-7.59,10.46,13.38,-3.88,3.43,13.17,5.59
1929-02,-2.62,-0.03,3.42,-0.1,-0.71,-1.15,-2.41,0.05,-1.99,0.02
1929-03,-4.63,-1.88,-1.83,11.03,4.5,4.29,-5.13,-1.5,-3.17,-2.16
1929-04,1.8,-0.98,2.29,0.74,1.78,3.39,3.75,1.48,5.13,0.44
1929-05,-3.94,-15.05,-9.78,-5.57,0.33,-8.77,-8.65,-7.84,4.8,0.03
1929-06,5.36,7.01,13.51,1.14,17.18,13.7,9.47,4.52,23.47,5.73
1929-07,3.23,-2.95,4.09,0.16,9.24,13.68,0.96,2.59,9.14,6.61
1929-08,4.77,3.0,9.43,11.36,12.54,10.98,7.8,3.09,9.05,7.82
1929-09,-3.6,-8.35,-7.17,-2.95,-7.56,-1.37,-5.38,-7.02,1.32,-6.44
1929-10,-10.64,-28.94,-19.61,-10.07,-27.73,-15.39,-24.0,-18.02,-30.04,-11.87
1929-11,-8.44,-17.31,-14.13,-6.42,-19.24,-9.47,-12.59,-7.9,-14.64,-9.57
1929-12,0.64,4.9,1.5,-1.18,10.78,1.01,-5.98,1.11,7.94,-0.51
1930-01,5.7,5.95,6.9,-0.76,10.61,1.2,4.73,2.55,7.25,4.92
1930-02,2.15,2.44,2.14,-4.49,7.75,7.06,-5.13,3.15,8.57,3.32
1930-03,2.11,11.37,6.88,17.94,8.12,8.79,-2.44,5.99,9.72,4.83
1930-04,0.54,-7.81,-7.42,6.55,1.97,-4.52,2.6,-1.27,3.34,-6.41
1930-05,1.36,4.12,-1.74,-3.73,-4.4,0.4,-0.16,-1.49,-1.33,-0.95
1930-06,-11.04,-22.27,-16.41,-15.47,-19.74,-8.34,-16.15,-13.34,-19.06,-11.74
1930-07,3.14,12.1,4.75,5.18,4.07,1.27,2.7,6.52,4.06,3.46
1930-08,1.98,-1.89,-0.06,-3.2,2.21,1.74,4.96,7.71,1.18,-0.36
1930-09,-8.96,-16.73,-13.7,-15.46,-18.24,-5.27,-10.91,-8.7,-11.92,-10.56
1930-10,-4.85,-11.64,-9.91,-8.37,-17.35,-4.12,-8.61,-4.37,-8.28,-8.43
1930-11,0.18,5.37,-0.42,-3.72,-3.26,-3.27,2.74,-3.23,-8.74,-5.17
1930-12,-4.59,-1.26,-8.21,-12.32,-10.76,-3.8,-13.44,-6.79,-3.69,-8.81
1931-01,5.4,8.02,3.47,5.31,5.24,4.79,7.19,8.23,5.53,11.83
1931-02,6.81,17.37,12.85,5.77,22.38,5.95,14.79,7.81,15.27,5.52
1931-03,-1.69,-3.81,-6.77,-14.26,-7.76,-3.58,-3.27,1.8,-2.94,-9.41
1931-04,-5.29,-7.87,-14.15,-13.45,-13.04,-4.25,-4.84,-3.62,-9.04,-9.88
1931-05,-11.01,-16.08,-16.42,-12.54,-12.92,-8.94,-3.27,-10.26,-11.15,-17.44
1931-06,10.73,14.63,17.38,17.57,18.69,10.21,7.86,9.69,11.0,16.34
1931-07,-3.81,-2.1,-10.23,-3.63,-10.38,-4.87,-1.53,2.61,-5.39,-9.91
1931-08,-0.65,-2.78,-0.15,9.48,3.71,0.82,3.02,0.39,-1.74,-3.9
1931-09,-24.69,-34.8,-29.82,-29.84,-33.87,-21.56,-30.24,-29.45,-33.05,-26.5
1931-10,6.89,12.96,6.18,14.02,11.3,4.34,13.97,11.26,10.48,1.88
1931-11,-4.35,-3.49,-8.31,-8.69,-14.16,-6.86,-9.4,-2.79,-4.77,-19.2
1931-12,-9.51,-8.78,-15.33,-18.91,-13.54,-7.94,-15.17,-4.1,-13.24,-16.48
1932-01,2.06,-6.9,-0.5,-4.86,-11.42,-4.04,0.79,-2.66,-2.52,6.71
1932-02,5.37,2.09,5.96,8.75,6.28,11.63,4.11,2.05,7.04,-0.19
1932-03,-5.98,-22.18,-14.36,-1.1,-14.41,-9.9,-9.27,-6.41,-9.57,-15.99
1932-04,-11.35,-29.53,-22.95,-13.94,-24.17,-12.39,-15.71,-19.77,-15.5,-22.36
1932-05,-21.22,-18.59,-18.19,-5.56,-28.6,-10.81,-29.28,-34.08,-26.82,-30.03
1932-06,1.16,-7.82,-2.52,5.94,6.99,-9.55,-0.59,11.05,1.45,-2.01
1932-07,24.7,44.95,41.74,35.13,44.2,16.7,27.11,29.18,29.35,55.78
1932-08,22.71,45.25,46.41,19.49,45.64,28.17,32.91,35.87,43.46,58.75
1932-09,-0.86,8.5,-2.45,-10.16,-5.6,0.24,3.06,-11.92,-4.65,-4.13
1932-10,-11.41,-24.75,-15.83,-3.79,-19.04,-8.13,-12.68,-18.56,-10.82,-18.01
1932-11,-7.1,-2.71,-10.3,-4.53,-8.25,-1.12,-5.61,5.53,-3.6,-6.88
1932-12,3.81,4.47,3.25,0.05,7.53,3.67,5.0,6.82,9.12,4.9
1933-01,4.66,0.83,3.42,-3.01,1.43,0.31,-2.4,-1.13,-4.38,8.54
1933-02,-9.06,-24.48,-17.53,-13.9,-20.09,-7.77,-17.96,-10.82,-19.85,-16.42
1933-03,10.37,9.23,11.26,4.39,6.23,-5.85,8.53,-3.16,-12.79,3.8
1933-04,34.17,79.79,57.2,38.99,53.49,13.22,42.45,37.13,25.36,30.73
1933-05,12.71,26.05,26.03,17.71,19.82,17.37,17.06,23.49,19.29,31.5
1933-06,10.34,20.75,12.39,12.5,10.82,10.5,16.26,10.39,15.58,14.51
1933-07,-6.61,-7.05,-11.36,-12.05,-11.07,-4.36,-13.46,-19.11,-13.58,-6.67
1933-08,9.86,20.76,16.21,19.07,12.89,4.53,7.15,-0.38,-1.23,14.6
1933-09,-7.45,-15.32,-10.09,-2.69,-17.14,-3.56,-8.74,-1.31,-19.74,-16.41
1933-10,-9.12,-10.06,-8.02,-4.85,-9.73,-7.18,-7.83,-6.02,-7.5,-10.84
1933-11,5.21,25.38,12.73,14.69,12.83,5.63,14.45,9.4,-2.39,5.34
1933-12,-3.39,10.45,4.61,-1.27,1.49,-3.75,4.57,-11.73,1.05,4.7
1934-01,10.02,13.2,11.09,8.73,16.08,5.97,17.3,16.77,20.52,18.55
1934-02,-4.98,-2.06,-3.16,-3.38,-6.31,2.12,3.03,-3.59,-1.69,-1.89
1934-03,1.17,-0.3,-1.25,-1.33,3.18,1.27,2.4,-0.64,-1.8,0.83
1934-04,3.1,-6.85,-2.75,-1.99,-2.33,-1.25,-1.21,8.0,-3.75,-1.65
1934-05,-3.0,-12.82,-10.06,-4.64,-6.6,-4.3,-7.92,-0.38,-7.73,-7.35
1934-06,3.85,-2.75,4.25,1.2,2.79,1.32,2.43,2.04,4.26,3.1
1934-07,-5.12,-13.83,-11.56,-9.73,-11.89,-4.34,-8.35,-1.89,-17.24,-17.28
1934-08,4.22,10.87,7.52,6.12,6.59,2.56,4.72,-3.05,2.04,4.44
1934-09,0.24,0.68,-1.13,-2.32,-0.32,1.9,2.55,0.8,1.61,-0.35
1934-10,0.61,-2.08,-0.46,-4.69,-0.93,-1.56,1.68,-0.71,-7.61,-2.21
1934-11,8.5,17.61,12.63,7.03,13.52,-1.73,9.61,4.07,-0.25,5.63
1934-12,-0.94,3.56,2.21,0.68,3.66,-0.59,-1.04,0.62,-8.66,-0.17
1935-01,-1.4,-9.03,-2.39,-4.37,1.13,-0.46,-5.27,-0.86,-3.16,-6.71
1935-02,1.61,-3.27,-1.8,-3.35,0.19,1.04,-0.62,4.25,-12.16,-4.7
1935-03,-4.63,-5.82,-4.79,-3.82,-4.14,-0.72,-4.33,-3.14,12.34,-5.32
1935-04,5.73,5.73,8.96,15.48,10.24,9.13,6.47,3.18,11.14,8.75
1935-05,1.09,2.96,1.86,3.51,2.65,8.38,2.53,-4.02,13.76,3.89
1935-06,5.51,9.78,6.51,1.51,8.34,5.35,6.28,4.09,9.11,6.32
1935-07,3.14,19.08,10.78,0.13,9.6,5.74,7.51,3.19,9.22,7.27
1935-08,-1.56,9.01,3.25,-1.89,3.21,4.07,3.09,0.29,7.21,3.39
1935-09,1.69,11.09,4.22,-3.33,7.75,4.28,-0.57,1.11,-2.03,0.63
1935-10,4.48,13.63,5.85,13.52,8.8,3.11,1.22,5.97,14.13,2.4
1935-11,1.1,3.49,4.58,2.78,5.82,9.72,2.92,1.74,0.82,13.19
1935-12,2.08,5.8,3.69,14.09,3.51,-0.16,-1.02,2.35,5.62,4.3
1936-01,3.24,3.89,5.61,14.06,6.49,4.17,-2.81,3.46,12.53,12.15
1936-02,0.61,3.74,5.56,1.26,0.34,6.57,0.99,3.45,-6.59,2.79
1936-03,-2.08,10.19,2.43,1.75,-0.05,-3.37,1.14,3.52,0.64,-2.96
1936-04,-4.45,-10.15,-8.94,-10.28,-8.63,-5.66,-5.24,-9.19,-8.34,-7.43
1936-05,4.96,4.06,6.2,-0.57,5.22,6.46,6.7,4.8,9.52,7.4
1936-06,2.32,6.86,1.29,1.73,1.3,2.43,5.29,1.29,3.62,1.78
1936-07,2.97,4.91,7.69,4.74,12.05,2.44,6.21,4.65,11.59,9.65
1936-08,0.84,-0.28,1.65,-0.67,2.41,1.76,2.49,-1.48,-1.03,1.83
1936-09,-0.66,3.26,2.07,1.39,-1.25,0.33,2.94,0.77,-2.05,0.89
1936-10,3.37,5.08,7.73,12.48,5.75,5.09,11.22,3.78,5.72,8.11
1936-11,4.53,-1.37,5.44,1.48,5.5,3.87,11.0,3.4,-2.86,0.49
1936-12,-1.42,-7.24,1.93,9.24,2.63,-0.4,-8.14,-2.04,-1.63,-1.18
1937-01,2.45,7.27,4.6,2.41,8.62,-0.85,0.07,3.47,2.61,1.04
1937-02,0.89,-0.5,2.66,1.49,-1.32,-3.06,3.06,-3.72,-4.19,4.76
1937-03,-1.01,-4.13,1.35,3.39,-4.49,-2.09,-2.73,-5.03,-6.32,2.68
1937-04,-6.38,-7.9,-9.16,-5.3,-7.62,-5.25,-7.24,-3.32,-7.47,-6.83
1937-05,-0.44,-1.97,1.0,-0.24,0.8,1.53,-4.54,1.68,-5.27,-3.33
1937-06,-3.24,-10.77,-3.61,-2.66,-1.46,1.39,-1.59,-4.12,-5.26,-8.94
1937-07,5.07,13.23,9.21,8.42,9.55,3.27,10.33,4.14,19.32,8.74
1937-08,-2.47,-2.27,-4.43,-6.57,-4.76,-2.54,-4.27,1.09,-10.18,-8.34
1937-09,-9.12,-12.67,-17.45,-13.21,-14.12,-2.1,-14.1,-10.76,-11.75,-15.89
1937-10,-7.06,-12.88,-13.87,-6.95,-7.19,-5.36,-7.04,-3.55,-4.88,-10.13
1937-11,-5.86,-15.24,-9.32,-11.48,-4.59,-3.59,-14.36,-5.12,2.9,-6.85
1937-12,-2.27,-16.27,-2.42,-1.25,-2.2,-1.54,-6.55,-2.41,-10.69,-6.63
1938-01,2.96,11.05,-1.24,0.51,-2.47,-2.43,5.92,3.52,-5.7,0.49
1938-02,3.46,3.47,8.67,9.42,4.34,-2.32,9.5,8.61,3.64,4.88
1938-03,-15.79,-27.35,-25.72,-25.2,-27.72,-17.44,-22.19,-14.44,-19.61,-29.74
1938-04,12.27,14.85,13.88,15.92,16.76,13.47,16.18,11.82,14.78,14.53
1938-05,-0.23,-6.92,-6.89,-5.82,-2.99,0.83,-3.86,1.71,2.21,-3.96
1938-06,13.2,36.01,32.89,21.98,27.3,12.42,24.03,10.07,16.9,24.86
1938-07,6.61,19.89,6.8,7.38,5.85,1.28,9.06,5.8,0.68,10.0
1938-08,-4.02,5.97,-1.92,-8.82,-1.19,0.28,-2.4,0.36,-5.53,-3.73
1938-09,0.51,0.69,1.67,0.82,1.6,0.85,0.06,-0.01,1.23,-1.25
1938-10,5.15,6.49,10.61,-1.56,10.08,3.56,8.04,5.63,21.09,11.1
1938-11,-2.49,-1.2,-1.45,-0.11,-4.34,0.65,-0.37,1.44,-7.01,-2.02
1938-12,2.76,2.12,5.59,4.86,3.08,2.57,1.03,0.85,3.95,6.32
1939-01,-1.92,-8.33,-9.32,-6.29,-7.5,1.81,-3.14,-0.96,1.21,-8.65
1939-02,2.46,7.06,3.0,-1.18,2.76,3.53,6.2,3.72,8.78,4.7
1939-03,-5.75,-17.63,-15.57,-8.31,-14.99,-2.21,-9.59,-4.33,-13.63,-14.95
1939-04,0.62,0.72,-1.32,-1.06,-2.71,2.75,-0.13,1.0,3.03,-1.83
1939-05,5.47,7.89,7.62,2.55,8.28,5.56,11.38,5.49,6.61,8.01
1939-06,-2.04,-6.78,-6.38,-6.12,-8.0,-3.79,-2.7,1.1,-3.55,-7.62
1939-07,6.22,17.58,12.9,3.03,14.04,6.51,8.71,3.08,12.71,11.59
1939-08,-7.36,-6.94,-6.79,-3.91,-8.09,-4.19,-7.33,-5.43,-6.01,-9.97
1939-09,4.79,23.72,27.0,25.56,12.26,2.37,1.59,7.07,3.6,25.59
1939-10,3.26,-1.4,-2.56,-3.93,-0.89,3.05,5.77,0.21,2.11,-1.59
1939-11,-0.47,-2.92,-5.99,-6.14,-2.59,0.97,-2.31,1.22,-1.49,-5.05
1939-12,3.17,3.88,3.97,-0.08,3.61,2.87,3.03,3.77,2.95,2.38
1940-01,1.69,-3.83,-4.63,-2.19,-4.2,-0.12,-0.95,-1.79,-0.05,-2.66
1940-02,0.94,2.08,2.7,0.97,-0.58,1.04,2.51,1.48,-1.24,0.88
1940-03,1.65,3.78,1.54,1.72,3.05,1.16,3.08,1.9,1.74,2.63
1940-04,1.75,-0.54,0.76,0.18,-1.49,0.33,-0.13,-0.31,-1.35,-0.77
1940-05,-20.91,-26.04,-22.21,-24.47,-20.77,-14.13,-24.41,-21.21,-19.94,-24.01
1940-06,5.38,8.68,4.2,5.67,3.01,8.72,9.01,4.91,17.43,8.56
1940-07,-0.02,5.92,4.33,3.19,5.0,1.97,4.39,-0.52,0.08,3.38
1940-08,1.34,7.39,2.49,1.42,3.31,-0.36,2.9,-2.29,-1.04,2.88
1940-09,2.53,3.17,4.14,-2.26,4.22,1.66,3.32,4.61,-2.19,2.46
1940-10,-1.41,3.94,4.1,6.3,2.43,1.61,0.08,-3.0,3.82,5.3
1940-11,-0.99,-0.63,-1.48,0.87,-2.81,0.61,-2.15,-1.82,-13.06,-0.09
1940-12,0.55,-3.29,1.19,2.31,-0.09,2.04,0.43,-0.23,1.76,0.24
1941-01,-0.51,-9.22,-7.09,-2.14,-2.56,-2.1,-3.63,-2.19,-2.16,-1.62
1941-02,-2.49,1.27,-2.04,-0.69,-0.34,-2.23,-2.53,-4.69,-1.2,-0.31
1941-03,0.56,-1.7,0.77,3.74,0.34,1.78,1.21,1.77,-3.33,1.81
1941-04,-4.13,-10.57,-5.69,1.4,-8.83,-6.35,-5.22,-5.22,-9.61,-4.44
1941-05,-1.4,0.41,3.66,5.46,-0.42,0.4,2.27,-1.45,-4.43,-0.93
1941-06,6.28,3.9,6.48,5.22,10.76,5.04,5.1,6.72,3.94,4.51
1941-07,5.53,3.97,7.11,11.06,1.8,-0.38,4.74,8.03,5.33,7.52
1941-08,0.83,2.34,-0.65,-3.46,0.74,1.06,2.37,0.08,-2.06,0.2
1941-09,1.78,4.14,-2.9,-0.66,-0.78,0.25,0.43,-0.21,-2.85,-2.57
1941-10,-7.04,-7.98,-6.43,2.19,-10.11,-2.72,-5.2,-3.69,-9.68,-4.11
1941-11,-3.15,-3.64,-1.39,3.13,-2.04,-4.03,-4.52,-2.93,-6.68,-1.54
1941-12,-3.95,-11.79,0.78,-11.1,0.47,-8.59,-9.83,-1.59,-7.48,-5.36
1942-01,2.54,6.25,-2.19,-1.63,0.95,-1.37,0.66,-2.99,4.09,9.54
1942-02,-5.5,5.15,-2.41,-5.83,-2.46,-0.57,-1.92,-5.35,-2.45,-1.86
1942-03,-8.29,1.42,-5.56,-8.24,-6.27,-6.91,-7.09,-5.54,-12.13,-8.98
1942-04,-4.1,-4.37,-4.59,-3.57,-3.62,-7.32,-5.88,-4.45,-3.42,-2.0
1942-05,8.76,9.95,1.75,6.77,7.86,7.72,11.75,14.69,8.4,3.55
1942-06,3.55,1.77,3.51,4.42,4.58,-2.23,2.54,2.85,1.7,1.97
1942-07,2.42,2.1,2.76,6.05,1.81,4.48,4.96,1.6,-0.44,6.59
1942-08,0.8,2.33,1.34,3.54,0.73,2.49,1.71,2.43,0.8,2.41
1942-09,-0.07,2.59,3.25,2.36,5.16,2.04,0.67,0.26,5.83,3.38
1942-10,4.51,5.82,6.72,9.62,6.27,6.19,0.62,4.13,15.15,8.91
1942-11,2.71,-0.14,-2.36,0.91,2.02,2.63,6.66,1.58,-1.31,-2.06
1942-12,4.72,8.19,5.27,7.49,6.14,0.35,2.73,8.69,4.36,4.47
1943-01,9.14,5.24,6.98,6.4,9.8,3.78,6.92,2.47,14.7,7.06
1943-02,3.62,7.58,5.23,7.91,3.43,8.81,3.08,3.64,7.92,9.43
1943-03,4.36,5.06,6.0,7.0,7.42,0.62,8.68,4.56,4.67,10.07
1943-04,1.03,0.53,-1.43,0.97,1.18,4.16,1.87,1.4,4.02,2.19
1943-05,6.56,6.58,5.37,5.69,6.26,4.57,7.49,5.13,4.55,5.58
1943-06,2.05,4.85,0.87,1.19,2.42,2.27,5.59,0.5,4.19,-0.78
1943-07,-1.87,-9.7,-6.81,-2.86,-7.31,-0.18,-3.15,-3.26,-0.49,-5.21
1943-08,0.94,3.48,0.67,1.1,0.49,0.91,3.74,0.26,1.84,1.41
1943-09,2.18,1.69,2.66,1.41,5.18,1.45,2.16,4.02,3.87,2.18
1943-10,-0.27,-1.12,-0.84,-2.06,-3.43,0.73,-2.4,0.57,0.56,-1.08
1943-11,-4.57,-5.32,-6.44,-6.93,-6.43,-1.74,-4.5,-3.93,-8.38,-7.97
1943-12,6.14,7.94,5.9,7.2,8.0,3.14,6.92,3.94,7.41,7.16
1944-01,3.97,1.02,1.94,0.61,0.63,0.86,0.78,0.29,-0.33,4.48
1944-02,-0.53,3.68,-0.36,0.09,-2.13,0.88,1.05,-2.64,1.52,2.06
1944-03,2.83,4.77,2.27,1.87,3.79,0.74,2.28,2.46,1.79,2.65
1944-04,-1.95,-1.18,-2.03,-1.37,-1.92,-0.57,-1.0,-2.36,-0.92,-2.45
1944-05,5.33,7.91,5.56,4.97,3.63,2.83,5.07,5.68,2.78,4.28
1944-06,5.64,9.31,7.1,0.53,7.49,3.21,5.83,3.85,4.91,5.94
1944-07,-0.35,-4.93,-1.95,-1.21,-1.82,-0.37,-0.08,-1.24,0.2,-0.8
1944-08,2.56,3.98,2.16,-1.94,1.96,0.67,3.12,0.76,3.66,0.36
1944-09,-0.23,0.61,0.55,-1.38,-0.65,0.27,1.81,0.43,-1.53,0.11
1944-10,-0.03,-2.74,-0.33,1.87,0.82,0.75,0.44,1.09,1.36,0.69
1944-11,1.27,2.22,0.86,2.63,1.59,0.7,2.79,0.52,-0.4,4.29
1944-12,2.03,3.97,4.24,5.14,4.64,0.72,2.15,1.71,3.11,8.45
1945-01,2.64,1.37,2.8,4.92,0.67,-2.11,0.07,0.56,5.69,0.61
1945-02,3.95,7.65,6.95,7.31,6.6,2.85,4.52,4.25,6.11,7.85
1945-03,-3.0,-6.03,-4.78,-5.25,-3.81,-0.11,-1.37,-1.83,-3.09,-3.53
1945-04,7.1,11.15,8.41,6.9,8.05,2.51,7.16,6.33,10.1,8.82
1945-05,2.33,0.78,0.8,-0.87,1.82,3.76,6.26,4.11,1.89,3.09
1945-06,0.89,-1.53,-0.16,-0.5,-1.88,2.62,-3.14,-4.65,5.16,4.46
1945-07,-1.44,-0.98,-2.99,-3.23,-1.73,2.18,-0.11,-1.62,-0.33,-5.47
1945-08,7.72,9.41,8.83,2.22,9.74,1.74,8.22,9.19,1.03,2.56
1945-09,6.28,2.74,6.17,1.98,3.4,1.9,5.64,6.51,6.59,6.08
1945-10,6.77,0.2,2.28,6.33,0.76,2.36,5.96,6.61,6.18,5.76
1945-11,3.68,2.62,4.84,8.37,2.7,3.39,6.92,8.58,4.81,9.14
1945-12,1.29,2.54,1.56,-0.24,2.63,0.48,3.46,1.53,-1.0,0.15
1946-01,4.85,6.67,8.0,-0.07,6.45,1.91,10.98,7.76,10.84,7.4
1946-02,-4.82,-8.94,-6.09,-4.67,-7.36,-2.82,-4.23,-4.31,-5.73,-6.14
1946-03,6.35,0.98,5.67,11.04,2.15,1.16,11.4,14.57,6.27,4.67
1946-04,3.54,1.42,4.33,8.77,1.7,1.59,7.2,14.67,4.34,1.7
1946-05,3.35,5.14,5.01,3.68,5.14,2.82,1.9,5.64,3.04,3.38
1946-06,-3.6,-5.92,-3.58,-3.15,-5.26,0.3,-7.69,-5.52,-2.8,-3.26
1946-07,-0.75,-4.75,-3.27,-0.06,-3.29,-0.08,-2.99,-3.22,-3.63,-4.95
1946-08,-5.27,-10.34,-6.69,-5.61,-6.89,-7.0,-4.83,-3.24,-5.35,-6.78
1946-09,-10.68,-14.88,-10.39,-8.05,-9.79,-4.74,-6.88,-7.03,-8.97,-14.38
1946-10,0.39,-3.31,-1.88,-0.66,-2.82,-5.13,-2.25,-0.24,1.43,-0.46
1946-11,-1.31,-1.13,1.74,0.56,-2.12,1.79,-4.94,1.67,0.8,0.0
1946-12,3.75,6.16,6.64,4.39,4.73,3.77,4.06,7.23,6.09,2.77
1947-01,0.23,10.9,0.9,-0.65,5.38,1.03,0.68,-5.32,-0.14,0.46
1947-02,-0.31,1.54,-0.68,-2.7,-2.08,-2.05,-0.39,-4.19,-0.9,-1.27
1947-03,-2.2,-2.7,-1.6,2.29,-2.29,-2.15,-2.2,-1.26,-2.79,-3.33
1947-04,-6.68,-4.08,-5.74,-0.44,-5.21,-0.22,-7.97,-8.6,-3.75,-6.26
1947-05,-0.5,-2.16,-2.09,2.52,-0.29,-1.1,-0.37,-2.68,-2.48,-2.07
1947-06,6.53,5.87,5.74,7.76,3.87,-3.17,9.88,4.19,3.97,3.18
1947-07,4.65,5.2,3.88,3.87,6.34,0.81,4.61,2.6,2.54,5.99
1947-08,-1.38,-0.76,-1.01,-2.3,-4.21,0.36,-3.54,-3.83,0.24,-3.18
1947-09,0.4,0.17,0.7,-2.71,1.13,0.84,-2.8,-2.62,-1.31,-0.97
1947-10,1.36,2.93,3.24,5.24,1.74,0.21,3.03,1.22,0.15,1.01
1947-11,-1.69,-2.68,-1.2,-0.34,-0.55,-2.57,-2.41,-3.04,-7.6,-1.98
1947-12,0.69,2.24,2.62,9.29,2.48,0.44,0.36,3.1,1.19,3.7
1948-01,-2.69,-5.35,-4.08,-7.43,-5.53,0.1,-3.29,-8.23,-0.21,-0.86
1948-02,-6.12,-5.42,-5.33,-2.96,-3.94,-1.06,-3.8,-3.53,-3.47,-4.11
1948-03,5.46,7.25,9.62,9.93,11.1,1.95,6.67,6.33,6.61,9.93
1948-04,1.31,1.17,2.51,11.22,-0.59,2.65,5.08,2.14,1.5,3.24
1948-05,5.09,14.43,7.87,6.08,12.77,2.49,8.57,6.78,5.74,6.79
1948-06,-2.0,0.3,-0.98,3.49,-1.41,0.44,-1.3,-2.19,2.59,-0.82
1948-07,-1.67,-4.37,-4.99,-7.18,-6.6,-1.65,-7.72,-4.25,-4.36,-4.96
1948-08,0.02,1.12,0.41,-2.01,3.07,0.06,2.49,-1.9,0.1,1.53
1948-09,-3.95,-3.88,-2.65,-4.46,-3.17,-0.23,-0.93,-3.08,-0.91,-3.42
1948-10,3.64,7.95,6.69,9.2,6.85,1.11,4.14,5.19,4.43,4.95
1948-11,-6.17,-11.87,-10.15,-12.18,-9.25,-2.06,-5.72,-5.74,-9.07,-10.58
1948-12,0.68,3.44,4.04,4.72,6.31,1.09,1.53,4.54,2.66,2.87
1949-01,3.67,2.44,0.31,-3.83,-1.33,-1.26,1.17,4.57,4.76,0.31
1949-02,-1.93,-3.69,-3.43,-4.3,-4.21,-0.3,-2.27,-0.93,0.67,-3.17
1949-03,3.2,3.42,3.56,6.06,5.82,1.36,4.39,5.5,3.78,4.89
1949-04,-1.64,-4.22,-3.54,1.28,-3.71,-1.64,-1.64,0.24,1.23,-1.54
1949-05,-0.42,-2.83,-3.3,-5.63,-5.3,-2.18,0.19,-1.88,-0.58,-2.67
1949-06,1.02,1.29,0.23,-1.18,0.11,1.12,2.86,2.16,-0.93,-1.37
1949-07,4.94,9.43,5.94,6.24,6.9,2.41,5.16,6.0,4.74,4.19
1949-08,3.97,2.31,2.17,5.49,0.75,0.98,1.5,0.19,3.68,1.45
1949-09,2.83,2.65,3.93,3.03,3.65,1.23,2.32,1.86,4.05,3.4
1949-10,1.53,7.34,4.34,3.71,3.74,1.88,0.66,3.38,1.31,2.44
1949-11,1.84,4.75,3.24,-2.77,3.9,1.67,2.1,4.81,3.28,1.21
1949-12,5.13,8.27,6.5,1.09,9.17,1.59,4.76,8.7,3.25,7.17
1950-01,1.37,1.87,1.98,-0.64,4.53,1.86,0.43,1.06,3.75,3.19
1950-02,0.53,3.49,1.94,-0.53,3.4,0.66,2.32,1.92,2.4,1.02
1950-03,-0.56,1.86,0.81,4.85,2.42,4.57,-0.17,-2.9,0.56,-0.68
1950-04,0.14,10.57,7.45,3.23,4.73,2.37,-0.36,5.52,0.95,1.5
1950-05,2.07,6.44,5.98,8.8,0.23,1.97,3.16,3.96,1.83,1.36
1950-06,-5.69,-4.04,-6.55,-4.52,-7.96,-4.28,-4.42,-4.19,-7.66,-6.8
1950-07,0.44,-2.71,2.14,8.81,-2.92,-1.33,-0.96,-6.94,-5.23,7.49
1950-08,3.94,9.23,6.34,4.32,5.26,2.56,4.38,3.68,3.39,2.3
1950-09,4.88,8.79,4.5,3.53,5.01,-0.46,8.46,6.15,4.51,6.52
1950-10,-0.37,0.61,0.46,0.29,-1.49,0.21,0.84,-1.76,-0.74,-1.52
1950-11,0.02,-2.61,5.94,5.28,2.64,-0.24,1.11,4.68,-1.18,3.94
1950-12,2.83,1.5,6.69,8.68,3.88,1.89,2.76,6.06,3.59,11.04
1951-01,4.62,9.22,6.13,6.3,7.73,1.88,3.62,3.1,5.04,6.4
1951-02,0.96,2.8,1.23,0.96,0.92,4.11,3.12,1.46,3.11,-0.41
1951-03,-2.77,1.18,-3.04,-2.38,-0.91,-1.1,-2.1,1.7,-1.39,-2.84
1951-04,0.95,3.42,6.85,10.81,3.17,0.85,0.39,10.41,0.22,3.74
1951-05,-1.27,-5.32,-2.14,-3.01,-2.77,-0.41,-1.32,1.57,-0.05,-3.26
1951-06,-3.58,-6.83,-3.8,1.09,-1.6,-0.18,-2.71,0.83,-0.41,-5.11
1951-07,3.13,3.1,8.45,11.37,6.0,2.8,2.91,14.42,5.3,7.39
1951-08,3.51,7.0,4.87,5.74,5.92,2.64,2.69,-1.38,2.13,3.46
1951-09,-0.41,2.66,0.23,-0.76,3.44,-0.04,3.2,-1.84,1.33,3.59
1951-10,-3.12,-2.04,-4.15,1.17,-5.76,-1.08,-3.09,-5.94,0.71,-3.62
1951-11,-0.06,2.01,0.43,-0.79,2.12,0.49,1.45,-0.5,1.66,2.12
1951-12,1.91,2.48,4.57,4.72,5.05,0.87,-0.24,5.11,3.27,2.13
1952-01,0.52,-1.17,-0.3,6.6,-1.87,0.17,-0.49,0.73,3.08,3.32
1952-02,-2.01,0.46,-3.84,-3.39,-3.42,-0.63,-3.66,-4.22,0.69,-1.58
1952-03,1.71,8.33,2.97,8.72,4.95,1.26,2.52,0.37,2.23,5.85
1952-04,-3.32,-3.0,-6.62,-7.65,-3.44,-0.74,-1.77,-5.46,-1.8,-3.38
1952-05,2.14,4.01,4.28,3.51,2.96,1.03,2.64,2.53,2.99,2.94
1952-06,2.87,5.24,4.32,5.45,5.66,2.06,2.93,-0.97,1.1,4.02
1952-07,0.65,2.53,2.22,-1.02,1.64,0.24,1.94,-4.39,2.17,1.15
1952-08,0.96,2.04,-1.66,-2.66,-0.32,0.88,-0.3,-0.55,1.91,-0.13
1952-09,-2.81,-0.78,-2.1,-4.3,0.9,-0.34,-0.76,-4.1,0.36,-1.36
1952-10,-1.23,1.2,-1.55,0.38,-1.11,0.92,-1.1,-1.47,0.47,-1.57
1952-11,5.91,6.52,8.71,2.07,8.87,4.07,4.54,7.25,5.18,7.27
1952-12,1.47,7.01,2.67,4.55,2.79,0.88,1.29,-1.96,1.8,3.74
1953-01,2.01,-0.36,0.66,-2.99,-2.13,1.02,0.83,-5.12,0.94,1.07
1953-02,1.69,-1.17,-0.98,0.33,0.49,-0.43,-0.15,2.09,0.41,-0.22
1953-03,-1.64,-4.38,-1.63,-0.56,-0.81,-0.43,-0.48,-0.16,0.16,-1.44
1953-04,-0.24,-1.97,-2.68,-5.18,-0.86,-1.04,-0.8,-5.35,-3.21,-3.21
1953-05,0.22,-0.02,0.24,1.84,1.05,0.36,1.51,-0.03,0.04,1.44
1953-06,-0.86,-3.33,-2.32,-0.08,-2.06,0.5,-2.2,-3.29,-3.06,-2.05
1953-07,2.64,0.72,2.61,3.93,2.19,0.94,1.97,3.66,3.36,1.42
1953-08,-3.42,-6.36,-4.85,-6.37,-4.52,-0.84,-2.34,0.05,-0.37,-6.77
1953-09,0.16,-0.82,1.18,-1.92,3.09,1.78,0.1,0.43,1.61,-0.99
1953-10,0.72,7.74,6.02,5.64,7.15,1.38,0.86,2.66,4.51,3.69
1953-11,0.56,0.49,4.18,1.99,4.82,2.26,3.34,7.98,3.0,2.77
1953-12,-0.5,-1.21,0.64,0.44,0.5,0.54,1.25,-1.34,0.59,-2.29
1954-01,4.17,5.28,4.55,8.64,6.9,1.89,3.32,5.65,3.3,6.64
1954-02,-0.23,1.71,0.97,2.8,5.34,2.57,0.44,-0.18,1.57,1.54
1954-03,1.41,3.51,4.88,4.28,8.59,1.72,0.38,0.28,3.0,1.8
1954-04,0.9,4.09,5.77,6.15,8.89,1.98,1.54,1.2,1.21,2.87
1954-05,2.48,4.48,4.4,2.97,-0.26,1.24,2.84,1.61,2.69,4.39
1954-06,0.76,1.19,3.62,-5.87,9.29,0.54,2.5,-2.43,1.34,1.49
1954-07,6.37,9.85,5.2,4.23,0.08,4.36,4.21,8.21,5.41,6.83
1954-08,-2.71,-3.36,-3.75,0.52,-4.29,-1.43,-0.21,-2.57,-1.72,-2.25
1954-09,3.83,14.47,6.6,10.01,7.3,2.49,4.84,2.82,2.01,4.33
1954-10,-2.25,-0.77,-1.11,-1.98,-1.78,-0.85,-2.53,-1.62,-3.8,0.58
1954-11,6.23,4.45,13.68,8.04,13.47,3.43,8.4,12.55,5.69,11.15
1954-12,4.33,7.27,6.54,6.47,2.9,1.58,2.26,6.13,3.58,9.36
1955-01,0.27,0.54,-0.12,0.41,4.14,0.8,1.73,-2.88,1.44,0.89
1955-02,1.57,-1.03,4.17,2.42,5.07,3.99,1.31,2.85,3.64,3.77
1955-03,-0.85,0.05,0.36,-0.23,-1.53,-0.19,-1.4,6.1,-0.71,0.93
1955-04,3.98,5.67,4.33,0.58,5.39,1.97,1.83,0.01,2.55,3.44
1955-05,-0.24,-1.13,3.0,-0.62,0.26,1.29,3.02,3.14,-0.13,1.63
1955-06,2.6,10.1,9.59,11.2,4.45,0.69,4.42,0.17,1.66,2.37
1955-07,1.95,18.82,-1.37,2.76,-3.06,2.61,2.03,0.14,3.68,-1.79
1955-08,-0.69,-4.27,3.12,-1.1,0.11,-2.44,1.64,0.15,0.07,0.46
1955-09,-1.68,8.75,-0.57,-0.38,-4.2,1.06,3.41,-3.2,-2.63,-2.5
1955-10,-0.81,-4.87,-3.16,-0.99,-5.46,-1.15,-2.51,0.81,-1.02,-2.83
1955-11,3.6,9.06,8.02,8.58,10.89,1.63,6.0,6.26,3.39,8.05
1955-12,1.2,-4.09,3.11,3.7,5.04,0.86,-0.75,6.22,-0.12,-0.73
1956-01,-1.62,-6.59,-4.71,0.54,-5.34,1.86,-4.41,-6.5,-0.33,-2.76
1956-02,1.18,5.73,4.87,4.27,6.05,0.16,2.81,8.25,1.92,3.17
1956-03,1.74,4.1,7.97,11.44,10.39,1.43,0.43,7.24,3.77,5.67
1956-04,0.81,-5.12,1.21,3.62,-0.51,-0.88,-1.82,2.74,-2.18,0.5
1956-05,-3.23,-4.45,-6.28,-6.37,-5.35,-1.06,-4.55,-1.24,-0.74,-5.47
1956-06,0.66,6.61,4.87,2.74,6.63,1.28,2.2,3.58,2.33,1.58
1956-07,1.98,4.58,6.25,6.0,5.28,2.69,4.8,3.1,5.23,2.42
1956-08,-1.37,0.61,-3.21,-5.27,-3.55,-1.36,-2.69,-3.07,-2.48,-3.56
1956-09,-3.23,-0.91,-6.16,-5.81,-6.85,-2.87,-4.57,-3.69,-3.86,-4.4
1956-10,0.4,-1.35,0.98,0.54,3.26,-1.39,1.48,0.58,1.14,1.1
1956-11,-0.42,-3.53,-0.94,5.31,0.68,1.52,-2.17,-1.31,0.42,0.22
1956-12,1.26,0.86,4.84,4.14,4.41,2.55,-0.6,6.05,1.82,2.0
1957-01,1.77,-4.86,-5.71,-4.12,-5.65,2.9,-1.29,-2.26,2.65,-0.55
1957-02,-1.41,-1.65,-2.78,-2.27,-0.65,0.32,-0.91,-0.35,-0.3,-2.56
1957-03,1.6,0.44,1.99,3.17,4.78,1.52,2.1,8.21,1.7,2.3
1957-04,1.39,7.35,3.6,6.94,8.39,0.45,0.25,5.43,3.18,3.15
1957-05,1.39,0.64,3.53,7.61,5.79,1.03,2.7,4.78,2.26,1.37
1957-06,-0.65,-0.23,0.23,-1.74,5.23,-2.09,-2.1,6.45,-5.09,-1.1
1957-07,0.93,3.29,0.54,0.99,1.06,-0.24,2.88,2.98,0.0,1.12
1957-08,-1.99,-2.74,-6.27,-5.74,-7.06,-0.12,-2.71,-2.26,-2.58,-5.41
1957-09,-1.15,-7.15,-6.89,-7.97,-6.38,-2.22,0.42,-3.71,-1.73,-6.63
1957-10,-2.13,-4.33,-4.67,-5.8,-1.79,-2.1,-3.93,-0.45,-0.7,-6.87
1957-11,3.36,-5.71,3.38,2.43,6.5,1.49,1.73,7.77,4.37,0.33
1957-12,0.44,-8.27,-4.57,-7.0,-3.3,1.26,-1.72,-0.38,2.56,-4.37
1958-01,7.45,5.51,5.43,1.58,4.01,4.26,7.49,-0.05,6.25,11.0
1958-02,2.04,-1.39,-1.97,-4.58,-1.69,0.66,1.41,4.92,1.27,-1.76
1958-03,4.2,2.65,1.52,7.91,2.58,1.17,4.09,7.53,1.97,2.51
1958-04,3.55,4.28,1.42,5.15,-0.14,2.7,2.99,7.52,5.1,4.55
1958-05,2.72,4.68,3.42,0.37,1.53,2.11,3.62,1.07,1.41,3.75
1958-06,2.65,2.64,2.36,4.95,3.59,1.66,2.14,3.23,2.19,2.88
1958-07,1.63,9.38,8.48,0.69,3.77,0.9,1.87,5.97,1.13,5.31
1958-08,2.93,-0.29,2.41,1.92,2.07,2.4,5.71,1.98,-1.0,3.07
1958-09,4.26,10.29,4.54,3.28,6.18,5.05,4.01,11.72,3.47,4.64
1958-10,2.51,1.84,3.06,1.33,4.44,1.45,1.22,1.05,4.28,3.64
1958-11,4.09,2.03,2.92,1.92,4.35,2.13,5.9,8.03,2.95,4.69
1958-12,2.66,3.08,5.2,1.25,13.06,13.3,5.71,4.61,5.94,3.04
1959-01,3.81,-0.18,0.8,0.51,-2.18,3.91,3.49,-0.62,1.25,1.97
1959-02,3.0,-1.4,3.62,-7.39,5.14,4.84,2.66,3.86,1.26,1.68
1959-03,0.3,-0.75,-0.23,2.14,2.32,-0.42,-1.66,4.26,1.63,-0.72
1959-04,3.01,9.77,4.16,1.72,8.39,4.63,1.53,11.92,-1.13,2.07
1959-05,1.34,6.24,4.05,-0.95,4.76,-1.04,2.71,-1.07,-1.1,0.65
1959-06,1.67,0.48,1.28,-2.72,-0.97,-1.06,2.26,6.59,-2.23,1.41
1959-07,3.7,8.09,3.73,4.96,0.52,0.6,2.0,4.74,3.84,0.17
1959-08,-0.39,3.23,-1.89,-3.13,-2.53,0.61,0.78,-3.52,1.33,-2.21
1959-09,-3.22,-4.29,-4.96,-6.9,-4.21,-0.96,-2.08,-4.96,-4.33,-4.07
1959-10,3.79,-1.1,1.42,1.17,5.06,1.3,0.82,2.38,0.88,0.18
1959-11,1.24,0.12,2.19,-0.41,9.21,-1.23,2.43,5.62,0.4,-0.51
1959-12,1.23,5.9,2.16,4.23,3.43,4.31,2.63,-1.63,2.13,2.08
1960-01,-3.35,-11.36,-8.41,-7.49,-9.83,0.95,-5.7,-6.35,-2.07,-4.42
1960-02,2.93,-2.07,0.49,-3.43,5.39,8.36,4.06,0.27,2.77,0.01
1960-03,-1.41,-5.26,-3.55,-0.8,1.58,0.14,0.16,1.61,1.77,-2.33
1960-04,1.54,-2.09,-3.53,-4.26,0.56,-1.05,-0.21,1.68,1.37,-1.11
1960-05,6.52,-0.51,3.86,-3.46,9.57,3.32,3.29,13.77,1.52,0.34
1960-06,4.32,0.69,1.68,3.52,1.42,-0.34,3.78,-0.16,5.79,2.83
1960-07,-0.95,-0.5,-4.15,0.7,-4.21,0.1,-3.0,-3.86,-1.23,-1.52
1960-08,4.52,3.2,1.7,4.1,1.16,7.11,3.14,2.46,4.46,3.01
1960-09,-3.41,-5.3,-7.03,-1.0,-8.73,-5.91,-8.39,-8.71,-4.55,-5.77
1960-10,1.65,-0.98,-0.97,2.43,-3.26,0.14,0.22,-3.49,-0.32,-0.85
1960-11,8.68,-0.7,4.85,3.4,7.02,4.19,6.93,4.04,3.79,6.74
1960-12,4.47,-0.22,3.93,5.3,3.04,12.45,2.26,6.22,6.42,4.17
1961-01,5.44,8.57,6.63,9.76,2.88,7.89,2.9,6.05,4.86,7.82
1961-02,6.65,4.43,5.05,0.73,2.7,0.75,4.95,5.19,3.68,5.66
1961-03,4.82,3.91,1.61,1.42,2.77,7.43,5.85,3.8,1.75,3.45
1961-04,-1.36,-1.04,-1.34,4.76,0.48,0.8,0.58,-0.3,1.87,0.51
1961-05,3.67,1.65,4.58,0.15,2.87,-1.04,4.09,2.28,2.5,4.21
1961-06,-1.42,-1.88,-2.96,-4.02,-3.35,-3.99,0.53,-3.38,-1.82,-3.87
1961-07,2.84,6.99,2.47,2.27,1.79,6.43,2.45,3.45,2.88,1.25
1961-08,5.13,2.03,2.46,0.2,4.48,0.26,3.26,3.84,3.8,5.3
1961-09,0.03,5.54,-4.46,-6.43,0.22,-2.77,0.4,-1.31,1.4,-1.82
1961-10,3.37,0.35,-0.23,6.62,3.37,0.19,9.02,3.52,5.3,2.28
1961-11,5.49,9.84,2.96,5.54,2.94,8.49,5.11,3.27,3.41,3.93
1961-12,-3.16,2.12,0.17,3.79,-0.69,3.33,-0.31,-2.02,-4.21,-1.84
1962-01,-6.17,-0.96,-3.55,0.09,-4.96,-6.08,-8.63,-4.62,-2.58,-1.4
1962-02,0.23,-1.52,1.4,5.35,-0.02,4.09,1.63,3.76,2.62,1.7
1962-03,-1.1,-1.17,-0.45,-1.66,0.21,-2.94,0.91,0.54,1.98,-1.85
1962-04,-6.74,-4.35,-7.94,-3.62,-11.06,-4.71,-4.42,-11.01,-2.79,-7.12
1962-05,-11.25,-5.1,-8.21,-4.98,-11.17,-7.11,-9.08,-10.9,-10.46,-7.92
1962-06,-8.8,-6.57,-9.54,-4.86,-11.57,-8.52,-10.26,-12.59,-5.1,-9.18
1962-07,5.22,8.67,5.37,4.9,11.32,7.23,4.36,7.78,7.45,5.72
1962-08,0.89,3.78,2.41,1.84,3.4,1.58,4.3,-7.92,3.17,3.84
1962-09,-5.63,-2.87,-5.73,-1.78,-8.88,-6.05,-6.58,-4.05,-2.84,-5.74
1962-10,-3.28,2.32,1.57,-0.29,-0.15,2.77,-1.33,2.47,-1.09,0.65
1962-11,12.09,7.15,13.16,10.71,14.57,7.16,11.18,17.59,7.6,14.88
1962-12,1.43,2.9,-0.99,4.69,-0.17,1.08,0.06,0.89,3.44,1.35
1963-01,5.94,6.38,5.73,2.69,5.64,4.13,4.09,5.65,5.26,5.24
1963-02,-3.04,-3.02,-2.57,-1.31,-5.06,-1.09,-0.66,-2.58,-1.47,-0.37
1963-03,2.57,7.44,2.87,6.97,2.74,1.94,2.02,1.18,1.79,2.87
1963-04,2.38,5.67,4.69,6.05,6.41,3.73,5.45,7.62,2.4,5.85
1963-05,1.9,7.86,2.07,-0.11,4.19,-0.64,2.59,-0.25,1.03,3.63
1963-06,-1.38,-2.79,-2.57,1.21,-4.92,-1.94,-1.36,-1.09,-1.12,-1.3
1963-07,-0.49,-0.22,-1.41,2.29,-0.69,-0.23,-1.03,0.56,0.8,-1.61
1963-08,4.89,6.55,6.2,3.93,5.14,4.29,6.43,9.56,4.2,5.49
1963-09,-1.69,-0.24,-0.76,-3.64,0.13,2.36,0.97,-4.06,-2.5,-3.16
1963-10,2.65,9.72,2.58,-0.32,8.29,3.4,0.52,3.38,-0.67,1.38
1963-11,-1.13,-4.84,0.3,-1.15,-0.29,4.16,-1.23,-1.65,-1.02,0.23
1963-12,2.81,0.27,1.91,4.65,3.05,-0.14,0.34,1.54,2.42,2.8
1964-01,0.79,1.19,2.69,4.84,2.91,3.35,2.51,3.68,1.4,1.24
1964-02,1.87,2.14,2.76,1.06,1.96,-0.28,1.62,1.66,0.87,5.45
1964-03,3.08,0.93,3.7,1.4,3.38,-0.94,2.43,-1.94,-0.75,2.18
1964-04,-0.48,1.93,-1.72,4.02,-3.63,0.81,2.86,-1.42,1.06,0.26
1964-05,1.56,1.12,1.77,2.14,2.74,-0.4,3.89,0.53,0.84,2.42
1964-06,1.61,0.67,0.92,0.65,0.52,4.76,3.82,0.59,2.2,1.36
1964-07,1.8,5.28,1.34,3.34,-1.8,-1.99,1.23,4.76,4.91,1.34
1964-08,-0.26,1.33,-1.25,-1.86,-2.75,-1.53,0.34,-4.22,-0.01,-3.13
1964-09,1.7,5.04,4.77,3.08,1.15,-1.02,3.48,2.73,1.87,4.05
1964-10,-0.19,0.25,0.3,3.06,-0.99,-0.89,2.32,2.88,0.95,1.84
1964-11,0.7,-1.38,-0.52,2.55,-0.23,-2.23,3.27,2.17,1.37,-1.8
1964-12,0.21,1.67,-0.82,-0.24,-0.01,3.1,0.18,4.38,0.5,-1.78
1965-01,6.1,3.76,5.52,0.51,7.46,0.27,3.06,7.66,3.96,4.72
1965-02,1.62,-0.69,2.51,-3.36,2.2,0.79,1.37,2.42,0.43,2.58
1965-03,-0.77,1.39,-1.16,-3.03,-0.48,-1.68,-0.85,-0.92,-0.52,-0.27
1965-04,4.21,7.04,4.02,0.86,5.14,2.3,6.82,2.98,0.65,2.16
1965-05,-0.77,-3.53,-0.52,0.86,0.48,2.79,0.18,-1.24,-0.97,-1.68
1965-06,-5.13,-6.83,-6.21,-1.98,-5.71,-4.14,-6.19,-5.31,-3.66,-6.97
1965-07,1.61,2.3,2.06,1.81,3.6,-0.38,-1.41,3.95,1.06,3.4
1965-08,4.11,3.21,3.64,1.56,5.88,1.33,2.28,6.29,0.92,5.07
1965-09,0.48,6.97,3.9,4.37,5.29,1.09,-0.68,2.24,1.39,1.8
1965-10,2.66,6.34,4.45,1.84,5.22,-2.29,0.26,3.23,1.05,4.26
1965-11,1.12,-4.03,1.39,0.71,2.73,-4.32,1.36,3.8,-1.0,3.88
1965-12,1.24,1.23,3.25,0.17,-1.54,-0.86,1.33,3.83,-0.31,3.47
1966-01,1.92,0.49,2.89,1.04,1.35,-1.3,-4.37,2.74,-3.02,5.25
1966-02,-0.47,-1.5,-0.73,-3.47,5.03,0.48,-1.87,-1.55,-4.17,2.09
1966-03,-2.68,-3.06,-1.79,-2.23,-0.9,-4.84,-2.14,-1.6,-0.14,-2.84
1966-04,0.43,0.11,2.79,3.13,7.65,1.26,3.07,-0.02,1.19,3.04
1966-05,-4.91,-8.11,-5.61,-3.74,-6.05,-2.98,-2.86,-5.26,-2.73,-7.87
1966-06,-1.82,-2.11,-0.98,-2.28,-0.13,0.49,-2.37,0.99,-1.78,0.74
1966-07,-1.21,-2.44,-1.51,0.4,-1.76,-1.17,-1.97,-1.72,-0.18,-2.05
1966-08,-7.11,-7.47,-7.92,-6.36,-5.98,-4.6,-6.41,-8.07,-8.59,-11.75
1966-09,-1.48,-1.04,-3.6,3.94,-1.9,-0.57,-1.96,-1.13,4.36,-1.86
1966-10,4.5,0.57,2.5,8.47,0.3,9.19,-1.43,4.87,9.94,3.12
1966-11,2.33,-3.51,2.69,-1.14,10.88,-2.84,0.73,6.89,-1.36,7.95
1966-12,0.22,-2.61,1.37,-0.66,0.41,2.98,-4.09,-0.17,2.1,2.09
1967-01,9.42,12.19,11.19,3.59,10.2,6.23,11.81,6.41,2.84,11.97
1967-02,2.0,-1.01,1.19,-0.07,6.17,2.15,3.2,1.42,-1.72,-0.24
1967-03,4.45,4.27,5.76,3.61,5.44,2.94,2.39,7.83,1.53,4.18
1967-04,4.59,10.83,3.71,1.67,7.73,0.19,9.18,4.46,1.88,2.22
1967-05,-2.63,-7.28,-3.64,-2.42,-4.44,-5.67,-4.66,-5.29,-4.11,-1.89
1967-06,2.65,1.52,2.09,2.28,6.32,2.72,3.83,5.38,-1.31,3.78
1967-07,6.03,10.71,5.08,6.92,3.92,-6.62,5.99,3.79,2.33,7.85
1967-08,-0.84,0.08,-0.48,-1.46,-1.01,-1.25,0.49,0.66,-0.65,-0.31
1967-09,3.13,4.98,3.08,4.21,8.36,1.2,2.27,2.89,-0.09,1.35
1967-10,-2.66,-4.88,-4.44,-0.99,4.8,-3.49,0.67,-5.01,-5.36,-5.23
1967-11,0.56,-0.69,0.67,0.78,1.37,0.09,0.81,1.33,3.17,-0.4
1967-12,3.2,0.88,5.21,3.09,2.19,0.13,3.44,1.62,3.28,5.49
1968-01,-0.58,-5.16,-6.47,-0.89,-8.69,2.69,1.12,-6.57,0.2,-1.84
1968-02,-2.67,-2.31,-4.28,-2.65,-4.55,-2.4,-0.78,-4.24,-1.48,-3.56
1968-03,0.74,0.52,0.79,0.76,4.16,-1.12,2.89,0.1,-3.93,-0.09
1968-04,11.09,12.01,10.64,5.68,12.38,2.22,12.34,11.9,2.49,12.1
1968-05,5.02,-0.37,3.17,1.26,3.81,-0.74,3.5,3.34,0.45,6.25
1968-06,1.19,-1.65,-0.28,1.81,-2.0,4.15,0.41,2.25,8.44,2.99
1968-07,-3.9,-2.85,-4.29,5.28,-5.6,-0.19,-5.07,-4.1,0.17,-2.76
1968-08,2.81,1.16,3.28,1.28,0.53,1.26,2.25,0.68,-0.87,2.82
1968-09,4.86,6.87,4.51,3.53,2.95,2.95,7.88,0.85,0.27,9.17
1968-10,0.87,4.7,0.94,2.55,-4.99,3.17,0.74,-0.05,0.49,1.1
1968-11,4.66,-0.42,5.81,5.56,8.62,5.39,5.09,8.1,8.79,7.63
1968-12,-1.04,-4.42,-3.52,-2.56,-5.37,-6.64,-4.1,-1.03,-2.88,-3.75
1969-01,-1.2,-1.87,-0.35,-1.12,-4.68,1.2,-1.04,-0.23,2.41,0.88
1969-02,-6.59,-3.37,-5.84,-4.6,-3.58,-3.32,-4.09,-5.14,-5.2,-8.35
1969-03,0.76,5.0,2.53,7.09,5.46,-0.42,5.14,3.34,-1.29,0.75
1969-04,1.03,1.3,1.31,-0.35,3.91,7.73,3.71,4.98,1.34,1.81
1969-05,1.19,-0.02,-0.87,3.69,-1.7,1.06,0.57,1.66,0.02,-1.11
1969-06,-7.33,-5.97,-6.8,-9.92,-0.13,-3.98,-5.4,-5.03,-5.74,-10.67
1969-07,-6.93,-7.0,-5.58,-9.63,-5.42,-4.49,-8.53,-2.73,-2.98,-9.13
1969-08,5.0,3.0,4.12,6.58,7.03,1.66,8.17,9.2,-1.29,9.02
1969-09,0.26,-0.39,-2.1,-9.63,0.21,-4.0,-0.62,2.17,-4.14,-0.74
1969-10,8.35,3.87,6.6,-1.06,5.8,3.5,6.7,8.97,8.28,7.93
1969-11,-2.4,-4.43,-3.57,-4.51,-1.79,1.18,-4.25,0.34,-5.26,-5.54
1969-12,-1.96,-3.43,-1.28,-3.01,-0.75,-5.51,-3.03,4.3,-0.65,-3.75
1970-01,-4.3,-8.24,-7.21,-11.44,-9.07,-2.56,-5.91,-7.11,-4.23,-8.81
1970-02,4.72,5.86,4.81,5.38,2.95,7.95,5.29,5.57,8.36,9.4
1970-03,-0.86,4.98,-0.5,-0.43,-2.58,2.29,-1.7,-5.1,2.91,-1.91
1970-04,-10.2,-8.77,-9.04,-9.15,-14.34,-8.79,-11.25,-10.12,-8.06,-13.7
1970-05,-7.51,-6.23,-7.75,2.63,-9.54,-3.74,-9.63,-7.74,-5.36,-8.31
1970-06,-1.57,-3.8,-4.72,-2.46,-11.76,-8.48,-4.01,-0.48,-4.7,-6.82
1970-07,6.69,10.32,4.95,12.77,2.41,10.27,10.59,2.14,8.71,8.02
1970-08,1.5,8.29,4.54,6.53,7.99,2.5,5.22,1.8,4.67,5.03
1970-09,5.63,2.81,4.04,3.27,10.17,-0.93,7.96,8.01,-0.54,7.61
1970-10,0.65,-2.06,-3.14,2.97,-3.54,-3.75,-1.63,0.31,-0.8,-5.89
1970-11,4.8,6.84,3.93,4.89,4.08,6.11,6.84,2.97,9.39,3.74
1970-12,7.45,6.27,8.03,2.28,4.43,6.85,5.35,5.34,7.13,8.37
1971-01,4.92,3.76,6.02,0.39,5.44,9.75,8.26,4.92,2.95,7.79
1971-02,3.79,2.24,1.22,4.73,2.78,-5.3,3.68,1.31,-2.58,2.22
1971-03,4.47,3.48,4.23,2.71,8.08,0.73,6.75,3.68,2.39,5.94
1971-04,2.21,8.56,4.44,4.34,2.37,0.82,4.99,4.23,-3.54,4.34
1971-05,-3.05,-4.35,-2.21,-4.68,-6.11,-5.21,-1.9,-2.13,-3.69,-4.53
1971-06,-0.12,-0.52,0.44,1.04,-2.17,1.05,0.44,2.05,4.29,-1.32
1971-07,-2.13,-5.28,-5.03,-2.15,-8.6,-3.69,-3.56,-2.17,-2.15,-3.86
1971-08,3.13,10.53,6.49,-1.16,5.7,-0.24,6.21,3.15,-2.33,6.98
1971-09,-0.05,-0.05,-0.24,-1.67,-1.56,0.27,0.68,0.66,-1.49,-0.42
1971-10,-4.33,-5.06,-6.03,-4.3,-4.37,-1.83,-3.39,-2.47,2.04,-4.21
1971-11,-0.38,0.17,-0.93,0.02,1.77,0.43,0.25,0.69,-1.22,-0.27
1971-12,10.52,6.21,10.04,8.83,11.28,7.55,10.29,7.79,8.12,8.22
1972-01,2.51,3.38,3.36,0.16,8.42,1.01,0.26,2.63,-0.32,3.36
1972-02,4.64,0.57,4.86,2.61,1.88,0.24,5.59,7.12,-2.5,2.25
1972-03,0.09,4.29,2.52,-5.45,1.09,-0.33,2.03,0.46,-0.14,2.29
1972-04,1.9,-0.59,1.87,-0.66,0.74,-1.06,-0.6,1.1,-2.8,1.79
1972-05,0.4,-1.2,2.1,3.62,3.71,1.24,1.47,3.71,-0.17,-0.63
1972-06,-1.11,-2.92,-2.21,-0.98,-2.55,-2.64,-3.95,2.54,-1.56,-4.51
1972-07,-1.61,-2.0,0.45,-1.09,0.95,0.74,-2.47,3.1,0.05,-2.96
1972-08,-0.1,3.75,2.21,12.41,2.86,5.18,-0.4,1.05,5.95,3.55
1972-09,-2.6,-0.92,-1.18,-0.21,-1.16,4.27,-0.56,-0.43,0.18,-1.74
1972-10,0.02,-2.35,1.07,3.12,-3.3,2.27,0.9,1.5,6.77,1.12
1972-11,6.87,8.1,4.23,6.19,2.5,7.04,5.96,-0.53,6.39,5.12
1972-12,0.53,1.74,0.82,1.05,1.99,1.45,1.84,3.73,-1.54,-0.76
1973-01,-4.71,-6.69,-3.64,5.02,1.92,-2.12,-4.28,-1.18,-4.28,-7.47
1973-02,-4.36,-6.03,-2.17,-7.36,-3.03,-4.64,-6.44,-0.71,-1.98,-6.09
1973-03,-1.04,-2.85,-0.42,3.12,-1.23,0.53,-5.71,0.78,-2.16,-0.29
1973-04,-6.29,-5.1,-4.56,-1.03,-6.7,0.86,-8.38,-5.48,-0.58,-7.79
1973-05,-2.12,-4.3,-1.24,-3.45,-2.59,-0.84,-2.17,1.07,0.36,-5.03
1973-06,-3.48,-2.61,-0.44,1.61,-0.09,-0.32,-5.74,0.02,-2.47,-0.28
1973-07,7.53,7.2,6.57,0.34,4.98,-0.31,11.02,6.87,-2.39,9.56
1973-08,-3.32,-3.91,-1.62,-3.74,-3.68,-3.93,-4.23,-6.91,-2.09,-2.24
1973-09,5.87,7.85,4.58,9.27,-2.8,7.67,7.44,0.79,7.9,7.2
1973-10,-2.34,-4.5,0.27,5.22,3.85,-5.54,-3.51,1.83,-3.38,-1.05
1973-11,-14.31,-16.19,-14.49,-6.17,-11.46,-1.94,-18.72,-7.77,-11.61,-13.45
1973-12,-1.62,-3.77,1.01,8.6,-4.32,4.54,-0.4,-4.48,3.41,2.47
1974-01,2.38,6.28,0.41,-7.52,1.25,2.01,6.81,-2.52,4.55,1.11
1974-02,0.0,-0.99,-0.11,-1.48,-0.6,4.76,0.93,-1.23,0.27,1.03
1974-03,-1.85,0.03,-0.89,-3.33,-2.76,-4.59,-3.32,1.21,-3.63,-3.64
1974-04,-3.77,-3.94,-2.39,-6.3,-3.68,-5.31,-1.97,-1.48,-12.19,-6.39
1974-05,-2.82,0.52,-2.09,-7.48,-4.26,-1.52,1.16,-0.12,-4.89,-8.41
1974-06,-0.56,-2.71,-0.3,-0.27,-2.95,0.3,-2.72,-1.62,-6.17,-5.5
1974-07,-10.21,-11.74,-7.29,-0.65,-8.45,-7.63,-12.89,-14.06,0.79,-6.64
1974-08,-10.27,-6.7,-10.21,-8.54,-4.9,-0.04,-13.04,-8.11,-8.62,-10.62
1974-09,-12.15,-12.76,-12.54,-7.87,-16.88,-3.81,-12.02,-15.55,-1.34,-9.58
1974-10,15.64,4.1,16.26,20.97,14.83,10.85,10.23,29.52,13.0,20.22
1974-11,-3.84,-4.67,-6.16,-4.18,-4.92,-3.09,-5.73,-1.2,-0.15,-2.76
1974-12,-0.6,-3.86,-4.46,0.79,-5.3,1.57,-3.41,-3.37,-0.83,-4.35
1975-01,18.88,21.31,14.47,6.51,15.29,11.1,25.86,-0.61,18.84,17.81
1975-02,4.1,4.58,8.12,2.28,13.21,5.16,5.0,16.04,0.92,2.84
1975-03,7.07,6.69,5.07,-2.2,1.0,-0.85,10.48,1.28,-1.34,4.11
1975-04,3.11,4.0,9.45,7.26,5.54,-0.95,2.59,0.72,-1.58,3.3
1975-05,5.21,2.62,2.6,12.35,5.86,3.52,4.23,6.48,8.45,5.69
1975-06,5.35,10.2,3.64,6.24,2.27,4.07,7.52,0.91,10.77,5.95
1975-07,-5.39,-2.06,-5.85,-4.18,-9.4,-4.22,-7.45,-12.03,-4.78,-6.12
1975-08,-3.12,-3.43,-0.88,-0.94,-2.97,-3.59,-0.25,-3.34,-1.3,-5.12
1975-09,-2.51,-2.56,-5.65,-1.15,-0.84,-1.25,-3.5,-6.54,-0.97,-6.3
1975-10,10.55,8.87,5.65,-1.39,8.38,6.82,9.8,10.68,6.51,3.91
1975-11,4.09,3.4,3.18,-1.63,5.02,4.26,4.42,5.12,3.12,3.56
1975-12,-1.51,-0.39,-1.4,0.06,-1.25,-0.1,-3.03,-6.36,1.33,-0.29
1976-01,11.0,15.59,16.8,8.36,18.31,9.5,9.06,7.78,8.37,12.93
1976-02,-1.07,3.89,1.89,-3.15,1.2,3.56,4.54,-6.52,-3.53,3.12
1976-03,0.72,3.63,0.77,7.27,2.97,0.59,3.46,6.52,1.42,1.94
1976-04,-1.71,1.89,-1.4,2.12,-3.4,1.72,-4.65,-4.31,0.65,-1.56
1976-05,-2.18,-3.18,-1.24,5.49,0.53,-2.95,-5.65,-2.81,-1.38,-1.67
1976-06,3.65,4.26,3.96,5.07,8.21,3.58,1.38,3.66,4.27,5.4
1976-07,1.52,-1.07,-1.87,-0.66,-2.21,1.24,-2.22,-0.38,2.82,-0.05
1976-08,-0.29,-1.43,-1.57,-0.88,-0.84,4.73,2.98,2.17,2.93,-1.14
1976-09,1.53,4.52,0.91,5.98,2.89,1.61,0.37,3.62,4.1,0.94
1976-10,-1.6,-1.18,-3.55,-2.41,-4.5,1.27,-0.91,-3.75,-0.84,-0.46
1976-11,1.75,-0.75,-0.53,0.86,1.66,3.15,4.9,-9.69,3.16,2.04
1976-12,5.24,9.7,6.08,6.27,3.84,3.46,2.32,6.26,6.53,8.39
1977-01,-4.08,-4.14,-5.84,0.25,-3.88,0.1,-6.99,-8.82,0.8,-4.15
1977-02,-1.4,-3.49,-0.72,-2.95,-0.65,0.97,-1.87,-0.21,-3.4,-1.75
1977-03,-1.39,-3.37,-0.15,-2.08,-0.04,-1.03,-2.71,-1.79,0.15,-0.11
1977-04,0.52,3.19,0.57,2.57,-3.45,0.67,-3.43,-5.2,1.95,2.16
1977-05,-0.95,-0.5,-2.7,-0.4,-1.47,1.43,-2.76,-1.88,1.67,-0.84
1977-06,4.53,4.32,3.37,6.06,7.78,1.96,6.02,9.04,5.72,5.34
1977-07,1.21,-2.43,-3.51,-1.84,-0.16,-0.86,-0.19,-2.24,0.87,-0.36
1977-08,0.1,-0.87,-1.13,-5.72,0.49,-2.26,4.64,3.79,-3.25,-1.24
1977-09,0.26,1.6,-0.97,0.78,-1.79,3.47,-0.64,-0.84,2.01,-0.08
1977-10,-3.34,-4.46,-4.38,-3.58,-3.19,-5.06,-3.08,-1.68,-3.14,-4.43
1977-11,4.61,1.95,4.18,3.45,5.22,2.21,5.45,6.02,4.3,6.46
1977-12,-0.01,-0.65,0.85,1.85,2.4,2.16,-1.33,0.59,-0.32,0.64
1978-01,-5.3,-6.86,-5.94,-6.9,-4.73,-4.16,-6.85,-1.86,-4.57,-5.32
1978-02,0.13,0.41,-2.45,-1.1,-3.48,4.12,-0.43,-3.0,-0.4,-0.16
1978-03,4.15,6.11,3.83,2.03,-0.69,2.63,2.77,4.16,2.48,5.43
1978-04,6.9,9.68,11.41,6.76,13.31,2.96,10.89,9.2,0.23,9.32
1978-05,4.25,0.13,4.28,0.81,1.62,-0.39,1.26,5.25,0.71,2.55
1978-06,-0.26,-2.86,-1.52,-3.73,-0.36,-1.53,-1.95,1.1,0.82,-0.27
1978-07,3.55,4.63,7.66,3.44,8.58,1.43,5.07,8.87,2.82,6.57
1978-08,4.13,2.88,3.89,5.13,6.02,3.57,5.56,1.0,0.47,6.34
1978-09,-0.39,-0.45,-2.08,4.76,-4.16,1.21,-2.59,-2.75,-0.26,-1.25
1978-10,-11.57,-11.18,-11.4,-10.61,-10.82,-4.53,-14.05,-12.84,-7.08,-14.07
1978-11,2.21,0.78,3.04,6.21,5.08,3.01,2.58,5.18,3.01,2.51
1978-12,1.73,-0.56,1.51,2.95,6.44,0.1,-0.61,3.42,-1.23,1.32
1979-01,4.19,4.99,6.26,3.19,4.31,3.64,5.64,1.42,6.35,6.1
1979-02,-3.51,-3.54,-4.47,0.64,-3.31,-0.63,-4.33,-4.52,-1.62,-3.26
1979-03,4.07,6.6,7.28,9.3,7.61,0.16,5.96,5.05,2.35,8.17
1979-04,0.22,2.99,-0.35,4.31,0.33,-2.13,0.69,0.42,-2.72,1.53
1979-05,-1.77,-0.79,-2.29,-2.31,-1.98,0.09,-2.55,-2.64,1.39,-0.32
1979-06,3.28,2.99,3.48,9.2,0.49,1.95,2.95,4.83,4.99,7.0
1979-07,2.07,2.05,2.08,1.7,-1.52,-0.11,1.15,0.14,2.12,3.3
1979-08,7.55,4.71,7.51,7.96,5.94,1.57,8.81,8.54,2.05,5.84
1979-09,-1.91,0.43,-0.74,5.84,-1.76,-2.39,-0.78,-0.54,-2.14,-0.68
1979-10,-7.68,-9.43,-8.85,-2.39,-7.73,-5.03,-8.8,-4.34,-5.8,-10.15
1979-11,5.16,-2.35,4.94,8.91,8.17,4.06,3.95,8.75,7.79,7.01
1979-12,3.37,3.38,4.37,2.68,1.79,-1.53,2.98,2.08,-0.92,4.14
1980-01,3.12,9.05,7.02,14.16,7.37,-2.05,0.92,-1.29,1.6,5.51
1980-02,-4.79,-6.31,-2.65,12.59,-3.56,-1.48,-4.82,-4.63,-3.36,-3.33
1980-03,-8.16,-8.74,-11.68,-17.79,-12.67,-2.64,-8.52,-2.84,-6.67,-12.24
1980-04,6.52,-1.91,3.25,6.85,0.72,7.3,3.43,4.28,11.96,6.05
1980-05,7.89,4.31,6.18,4.05,4.82,5.02,10.7,6.96,4.61,8.11
1980-06,2.99,2.78,2.41,5.81,3.03,-0.59,2.39,0.21,4.54,5.16
1980-07,7.76,11.75,10.76,1.67,15.48,1.02,10.65,8.89,-0.12,6.64
1980-08,1.45,1.46,1.73,3.79,3.68,6.31,1.99,0.3,-1.08,2.67
1980-09,0.2,0.97,3.03,6.8,2.01,-1.59,1.12,3.6,0.17,3.65
1980-10,0.28,-1.73,0.37,8.0,1.94,-3.24,-1.57,-1.29,2.01,1.56
1980-11,0.92,4.77,8.56,24.56,9.8,0.01,2.96,8.81,7.51,7.38
1980-12,1.04,-1.16,-2.12,-10.88,-1.17,0.82,-1.45,4.61,-2.02,-0.72
1981-01,2.0,-2.2,-2.04,-10.36,-8.08,5.53,0.43,-1.57,-2.72,-2.56
1981-02,2.49,6.4,4.4,-0.47,0.49,2.15,2.82,1.85,-1.32,1.7
1981-03,6.93,7.07,5.88,-2.49,5.01,1.16,12.7,5.87,2.96,8.45
1981-04,1.16,1.81,-0.84,-7.45,0.15,6.21,2.98,3.0,-2.58,0.93
1981-05,2.64,2.89,-0.32,-4.01,4.23,7.14,2.73,3.47,1.95,2.51
1981-06,-0.2,-4.21,-1.38,4.75,-6.66,-1.91,-1.59,-5.58,3.45,-0.97
1981-07,-0.65,-2.97,-2.73,7.86,-3.78,0.37,-3.2,-3.89,2.8,-2.69
1981-08,-5.11,-7.84,-6.87,-6.4,-7.27,-0.8,-5.28,-7.75,-0.84,-5.49
1981-09,-2.18,-2.97,-7.03,-12.3,-3.89,2.81,-3.75,-1.33,-5.56,-5.45
1981-10,7.51,-4.14,3.76,10.0,5.15,6.03,6.87,7.95,4.87,7.15
1981-11,2.69,4.82,4.3,6.86,1.54,2.64,1.0,3.93,5.91,5.08
1981-12,-1.79,0.41,-1.5,-6.54,-0.02,-1.43,-2.17,-0.75,-2.33,-3.74
1982-01,-0.9,1.21,-3.19,-8.58,2.78,0.67,0.19,1.45,-0.69,-3.25
1982-02,-1.97,-1.94,-5.76,-10.94,-5.22,-5.7,-1.45,-1.8,-0.43,-3.92
1982-03,2.47,3.64,-1.72,-3.61,-3.57,2.05,4.25,-2.58,1.63,-1.3
1982-04,6.64,4.48,3.13,4.4,7.44,-0.17,5.45,7.34,3.83,3.71
1982-05,-3.21,-1.82,-4.6,2.47,-5.42,-1.05,-2.68,-3.05,-0.5,-5.47
1982-06,1.7,2.7,-2.6,-6.47,-2.33,-2.55,2.95,-0.73,-2.24,-2.43
1982-07,-0.46,-0.4,-2.3,-7.95,1.56,1.18,0.16,0.81,-2.61,-3.02
1982-08,9.21,13.76,13.8,9.83,12.78,10.84,12.48,12.38,11.92,11.33
1982-09,5.32,-0.72,-1.02,1.95,1.2,1.03,4.64,1.34,1.09,4.16
1982-10,10.58,16.56,12.95,5.61,16.96,8.18,16.94,8.34,4.9,15.7
1982-11,5.16,8.22,5.73,-4.39,10.67,6.01,11.01,5.24,0.11,7.61
1982-12,0.85,3.14,0.8,5.47,2.7,-1.23,-2.15,0.54,4.28,-1.31
1983-01,-1.02,5.12,5.03,3.7,8.39,12.35,1.44,1.48,3.65,2.85
1983-02,3.76,3.56,4.09,-0.39,3.59,-0.3,8.06,2.78,1.45,4.61
1983-03,7.39,-1.07,2.15,5.99,0.67,0.71,8.56,4.61,0.3,4.96
1983-04,6.3,11.03,6.34,9.46,7.49,5.13,8.68,5.1,4.78,8.23
1983-05,-0.88,-2.14,2.17,1.3,2.74,-1.28,0.4,-2.7,2.62,2.47
1983-06,2.97,10.4,1.63,6.48,6.13,0.23,6.12,6.87,-0.41,1.6
1983-07,-2.6,-3.62,-2.46,-2.31,-5.39,-5.17,-3.31,-5.6,1.05,-3.67
1983-08,0.64,-2.48,0.74,7.19,-1.1,2.19,-4.83,-1.08,1.5,-0.84
1983-09,4.59,4.44,2.38,-4.85,2.12,2.26,2.3,1.29,4.66,1.63
1983-10,-0.24,0.36,-2.29,-2.11,-6.9,-5.22,-1.6,-2.15,3.07,-4.03
1983-11,2.27,4.12,6.32,-0.56,2.27,3.17,4.42,-3.03,-1.56,4.68
1983-12,-0.46,0.97,-1.04,1.9,0.38,-1.52,-4.78,-3.58,-3.64,-0.86
1984-01,-0.76,-5.39,-3.51,9.98,-6.16,4.06,-5.9,-0.61,1.49,-1.67
1984-02,-5.73,-6.08,-6.62,3.88,-5.95,-3.7,-4.47,-1.99,-3.36,-4.89
1984-03,1.56,0.37,3.22,0.16,1.85,-4.21,1.26,-0.69,-0.24,2.45
1984-04,0.48,1.3,0.01,4.07,-0.44,2.18,0.24,2.29,-0.39,-2.08
1984-05,-2.4,-5.56,-5.68,-5.07,-5.51,-3.49,-5.14,-6.48,-0.83,-6.86
1984-06,6.31,1.99,3.22,-2.21,1.79,12.26,7.4,3.83,0.48,2.24
1984-07,-1.72,2.59,-1.51,-7.16,-2.33,2.87,0.12,-3.84,-0.03,-1.8
1984-08,8.77,10.0,11.97,13.74,13.87,7.15,9.89,10.26,7.75,11.17
1984-09,1.26,-0.14,-2.5,2.11,-3.9,4.04,0.02,-4.41,4.81,2.26
1984-10,1.43,2.16,0.54,-4.5,-0.51,-3.52,-0.72,1.6,3.32,0.73
1984-11,0.31,-2.99,-1.4,-1.0,-3.84,0.46,-2.81,-0.03,3.03,-0.31
1984-12,2.45,4.59,2.18,-0.56,2.43,5.33,0.7,2.79,2.64,3.71
1985-01,5.02,9.81,8.44,6.51,12.56,5.25,13.24,8.28,2.39,9.79
1985-02,5.04,-1.59,1.4,3.81,-1.3,3.37,2.05,3.59,1.39,2.16
1985-03,4.69,-5.24,-2.71,1.56,-6.02,4.45,-0.56,3.01,6.11,-0.15
1985-04,-2.12,-3.45,-1.51,3.86,-3.62,-0.71,0.11,-1.73,1.62,1.46
1985-05,7.9,5.94,6.12,0.65,2.87,8.35,9.61,9.59,5.51,6.35
1985-06,2.72,1.51,1.55,-0.79,-0.72,4.5,1.56,2.29,3.63,2.95
1985-07,-2.58,2.4,3.47,-0.34,4.46,-4.54,-4.03,-0.4,-4.7,-0.15
1985-08,0.76,-2.62,-1.14,1.4,-2.52,0.52,-0.62,-0.8,1.92,-0.46
1985-09,-0.65,-3.26,-3.93,-1.31,-4.75,-4.2,-4.29,-3.89,-5.31,-4.92
1985-10,3.58,0.87,3.3,6.16,3.05,4.07,6.8,3.19,6.3,6.37
1985-11,8.48,9.98,7.85,0.48,8.66,7.37,7.89,9.78,4.24,7.41
1985-12,5.42,7.18,4.57,-3.15,8.27,6.2,4.57,3.48,4.85,4.5
1986-01,1.84,2.19,1.54,-6.77,-0.26,-3.94,1.49,1.14,3.78,3.54
1986-02,10.81,10.92,10.18,0.76,4.99,7.38,7.69,6.08,6.55,8.33
1986-03,8.03,7.91,6.02,0.01,-0.07,3.79,8.64,12.05,3.95,5.76
1986-04,0.43,-3.55,-1.73,0.71,3.92,2.43,0.17,0.72,-3.89,-2.65
1986-05,8.85,3.18,4.45,7.31,0.99,4.8,9.9,7.24,3.62,4.67
1986-06,6.24,-1.26,0.02,-2.34,-3.97,5.43,3.86,5.67,5.08,1.53
1986-07,-5.7,-9.04,-7.28,-5.34,-8.34,-3.02,-9.52,-5.36,5.14,-6.4
1986-08,2.62,7.52,6.17,16.62,6.97,6.87,1.73,4.01,7.9,6.92
1986-09,-10.82,-8.18,-6.79,-0.95,-7.06,-9.29,-8.41,-12.57,-9.09,-8.82
1986-10,8.86,6.49,6.47,2.03,0.63,4.66,7.45,7.93,5.24,4.26
1986-11,0.74,4.83,2.83,3.08,3.52,3.94,1.83,1.35,0.55,-0.62
1986-12,-3.19,-2.19,-1.91,-0.49,-3.68,-3.73,-6.27,-1.25,-3.31,-2.53
1987-01,14.51,18.81,14.33,13.91,16.45,5.31,11.53,13.16,9.3,11.16
1987-02,5.62,3.47,4.79,-1.63,9.41,0.04,9.87,11.28,-2.15,4.68
1987-03,1.07,4.63,3.24,12.28,2.68,1.43,1.75,0.15,-1.66,-0.31
1987-04,-3.66,4.08,-1.38,0.11,4.37,-2.42,-2.85,-2.46,-4.33,-4.08
1987-05,2.57,-1.41,0.5,3.04,0.3,3.33,-0.11,1.23,-1.85,-0.02
1987-06,6.82,2.98,5.09,5.72,0.01,7.04,6.51,4.76,3.39,4.63
1987-07,5.68,6.96,7.2,3.32,1.03,6.01,5.9,5.75,-1.68,3.59
1987-08,3.73,5.68,2.7,1.74,7.4,5.1,3.32,2.2,3.71,4.35
1987-09,-2.75,-3.98,0.35,-3.81,-2.71,2.99,-6.34,-2.55,-2.31,-1.8
1987-10,-21.03,-26.93,-27.33,-18.41,-25.93,-12.35,-28.23,-20.46,-6.94,-23.58
1987-11,-8.02,-8.52,-5.16,-10.53,-9.8,-8.92,-8.48,-9.31,-2.53,-6.62
1987-12,7.52,8.61,10.84,6.7,11.86,4.27,8.55,5.34,0.57,5.4
1988-01,3.02,4.48,0.39,8.61,-2.44,9.76,5.63,6.37,9.76,6.42
1988-02,6.01,6.27,7.52,3.53,7.47,1.32,10.52,4.2,-1.43,4.32
1988-03,-1.52,-4.17,-1.17,2.49,-4.65,-3.82,-0.99,-2.55,-3.17,-1.34
1988-04,-0.07,2.9,1.63,4.54,2.59,0.67,1.74,-1.99,-0.29,-0.39
1988-05,-0.3,1.23,-0.31,-0.49,-1.31,2.17,-1.36,-0.26,3.59,0.95
1988-06,3.41,8.26,7.43,-2.01,9.4,3.01,6.68,2.68,3.23,6.02
1988-07,1.62,-0.82,-2.35,3.5,-5.1,0.02,-0.8,0.49,-0.26,-0.52
1988-08,-0.22,-6.68,-4.42,-1.5,-8.19,-3.05,-2.56,-1.08,-0.13,-0.91
1988-09,6.49,3.9,3.43,-2.41,2.84,7.36,8.06,3.86,2.71,4.14
1988-10,8.16,3.33,0.69,1.82,0.0,2.8,1.7,1.22,2.53,0.01
1988-11,-1.14,-0.94,-2.15,-0.31,-3.15,0.34,-2.83,-2.16,-0.46,-2.13
1988-12,3.51,0.26,3.12,1.83,4.89,1.62,1.48,1.83,1.02,0.91
1989-01,5.64,7.6,7.52,6.32,7.09,8.96,6.36,6.8,2.76,6.88
1989-02,-1.4,-2.99,-2.09,-1.31,-3.76,-1.22,-1.8,-1.15,-1.82,-0.37
1989-03,5.43,-1.41,1.2,3.82,-5.49,5.56,2.88,4.96,0.57,3.41
1989-04,5.73,0.47,5.33,2.61,5.19,9.63,5.53,5.41,3.9,4.64
1989-05,5.37,2.3,3.64,2.82,2.46,5.79,5.27,3.43,5.34,4.19
1989-06,1.48,1.28,-2.68,-0.96,-3.26,-0.03,-2.06,-2.74,3.4,0.93
1989-07,11.98,5.12,7.63,3.76,2.95,8.57,9.14,13.89,5.8,8.14
1989-08,-1.99,5.43,4.43,3.36,2.53,1.02,2.7,0.37,-0.8,3.41
1989-09,-0.54,-4.6,-2.53,1.41,-2.71,3.81,-2.23,2.38,0.48,1.42
1989-10,-2.49,-5.7,-4.36,0.46,-4.42,-2.04,-4.11,0.39,1.01,-4.85
1989-11,1.68,-1.18,3.06,3.93,-1.8,1.99,1.36,4.53,3.23,-0.02
1989-12,1.36,-1.45,2.99,5.86,-1.09,5.73,1.24,1.05,4.79,-1.5
1990-01,-9.43,-3.84,-6.29,-4.14,-1.28,-13.4,-6.24,-7.37,-5.35,-8.83
1990-02,-0.39,5.13,2.55,3.03,4.11,-0.34,1.92,-2.06,0.22,2.54
1990-03,4.54,2.9,3.91,-0.48,4.46,4.18,5.3,3.86,-0.75,-0.31
1990-04,-0.27,-4.04,-2.74,-3.59,-2.0,-3.46,-1.91,0.29,-5.51,-3.47
1990-05,9.04,7.76,8.08,5.95,12.54,9.39,11.7,12.76,5.42,9.05
1990-06,2.03,-2.25,-0.6,-2.08,-1.17,-4.71,1.62,4.44,0.75,-1.56
1990-07,-0.81,-3.48,0.22,8.23,-7.43,-4.59,-4.01,2.59,0.88,-3.46
1990-08,-7.36,-14.27,-12.06,-1.2,-12.04,-10.72,-12.17,-6.82,-6.63,-11.41
1990-09,-4.11,-10.58,-8.04,-1.59,-6.66,1.29,-8.42,-4.35,0.48,-9.98
1990-10,2.45,-3.22,-1.81,-4.2,-3.5,2.8,-3.07,1.43,7.23,-6.36
1990-11,6.55,4.11,7.4,1.63,11.19,3.1,10.37,9.45,2.3,10.64
1990-12,4.41,-0.44,4.88,-2.17,4.18,1.75,3.39,2.75,0.8,5.45
1991-01,5.15,7.29,6.44,-2.01,14.96,0.18,9.41,4.53,-1.37,7.48
1991-02,10.29,10.24,5.97,8.39,6.41,3.41,8.04,9.85,4.83,9.7
1991-03,4.78,1.16,1.36,1.28,0.75,2.34,8.61,5.43,1.71,3.06
1991-04,-0.96,-2.35,0.39,2.53,-2.89,1.12,1.96,-1.12,-0.03,1.3
1991-05,3.59,14.72,7.38,-1.39,3.61,-1.45,7.53,4.61,0.16,4.99
1991-06,-4.95,-4.46,-4.2,-3.7,-8.82,-1.9,-4.18,-4.16,-2.37,-5.21
1991-07,5.67,-0.41,3.16,5.02,4.63,3.2,5.4,8.44,3.99,4.69
1991-08,5.4,-2.14,1.95,1.75,2.81,0.84,3.67,2.86,3.53,3.1
1991-09,-3.25,-2.68,-2.29,-0.7,-1.3,0.54,-3.25,-0.4,3.73,-0.56
1991-10,-0.6,-1.99,1.52,2.03,1.99,2.11,-1.96,6.64,1.23,2.33
1991-11,-0.52,-7.97,-5.45,-7.67,-4.37,-4.92,-1.21,-2.55,1.89,-5.37
1991-12,14.63,7.64,11.51,1.94,9.13,9.83,13.0,16.47,5.01,12.6
1992-01,-3.05,10.49,2.21,-4.15,6.63,-2.62,0.33,-5.55,-4.58,2.11
1992-02,1.1,12.28,2.04,-0.52,3.86,-1.21,2.6,-2.59,-1.23,3.15
1992-03,-1.56,0.79,-1.25,-2.78,-5.17,-0.98,-1.33,-5.46,-0.53,-2.15
1992-04,0.74,7.9,2.99,9.47,-1.02,6.85,-3.48,-2.15,2.68,0.52
1992-05,1.38,-1.92,-0.56,3.2,0.03,-1.7,0.18,1.08,2.54,1.53
1992-06,-2.88,2.16,-3.3,-3.48,-4.09,1.24,-1.9,-4.68,0.54,-0.01
1992-07,4.67,0.43,3.01,5.35,2.98,5.37,3.84,5.73,6.69,3.2
1992-08,0.85,-9.46,-3.54,2.57,-4.55,-1.05,-0.55,-3.3,-0.49,-3.41
1992-09,1.1,0.29,1.81,0.14,3.36,1.81,4.04,-4.9,0.82,3.46
1992-10,-0.85,0.06,0.82,-3.46,2.12,-0.53,4.32,3.32,-0.42,2.96
1992-11,3.65,8.64,3.96,-2.64,6.35,4.29,7.19,4.87,-0.24,6.02
1992-12,0.08,3.37,1.48,1.92,0.0,5.57,0.61,-1.4,2.7,3.83
1993-01,-0.78,9.48,-0.04,2.75,4.84,1.16,0.03,-6.77,2.45,3.27
1993-02,-2.05,-0.28,1.65,6.01,-0.35,5.72,-1.52,-8.94,6.21,0.42
1993-03,0.01,5.45,2.25,4.1,2.21,3.26,2.77,0.81,1.77,3.9
1993-04,-9.24,2.31,-0.09,1.18,-3.68,-2.87,-8.14,1.31,-0.15,-3.22
1993-05,2.67,1.08,2.38,1.74,8.78,4.23,5.87,3.61,-0.06,1.71
1993-06,-0.75,3.31,-0.22,-1.12,-0.43,4.64,-2.89,-2.92,3.18,2.21
1993-07,-2.36,1.68,-0.02,0.48,-3.89,2.15,0.65,-6.0,1.95,2.06
1993-08,4.28,0.5,3.43,4.22,6.41,5.47,3.97,3.06,3.67,3.46
1993-09,-1.79,0.82,-1.96,1.44,1.33,-0.48,-0.33,0.91,-0.63,1.69
1993-10,6.09,7.51,3.17,-1.87,1.6,2.59,4.61,6.0,-1.96,-2.28
1993-11,0.67,0.84,1.18,-5.89,0.01,-6.04,0.67,1.11,-5.51,-2.8
1993-12,1.46,4.51,3.73,0.53,2.98,-0.44,-2.09,2.49,1.61,2.61
1994-01,-0.44,6.96,4.82,4.86,4.72,2.01,0.63,1.93,-1.22,4.42
1994-02,-1.28,-4.36,-0.61,-2.97,1.66,-5.53,1.98,-5.55,-4.95,-3.9
1994-03,-4.05,-6.42,-4.39,-3.63,-3.89,-3.74,-4.61,-6.71,-3.93,-4.3
1994-04,1.22,-0.45,0.09,4.13,-1.6,1.42,0.25,2.4,2.11,1.26
1994-05,-1.33,-2.77,2.09,0.89,2.09,1.66,-1.91,4.37,-5.35,3.0
1994-06,-1.83,-3.43,-2.56,-2.68,-5.23,0.71,-2.62,-3.69,-3.13,-2.64
1994-07,2.95,3.7,4.55,3.3,3.87,3.2,0.81,1.04,5.16,2.65
1994-08,6.05,-0.23,4.76,-0.06,9.27,1.16,4.58,10.72,0.66,3.47
1994-09,-0.32,-5.06,-1.65,-2.08,-0.49,-1.1,-2.34,1.72,-2.78,-4.23
1994-10,2.16,-1.46,0.59,7.37,7.23,-0.09,1.22,0.88,1.56,0.15
1994-11,-1.66,-5.07,-5.45,-4.84,-2.14,-5.45,-3.39,0.43,0.26,-5.18
1994-12,1.32,3.83,4.08,-0.99,2.5,0.9,-2.86,0.53,0.35,1.47
1995-01,1.84,-5.84,-0.39,0.37,-0.82,4.2,1.53,6.16,6.23,4.72
1995-02,3.0,5.07,5.51,4.48,6.75,1.51,2.69,2.24,0.82,4.86
1995-03,2.73,1.44,3.5,5.27,4.52,0.28,3.5,2.7,-1.75,1.98
1995-04,1.84,1.41,2.98,2.34,8.29,1.59,-1.67,3.07,2.38,1.61
1995-05,4.72,4.84,3.18,4.08,3.08,0.63,2.7,1.62,6.01,4.47
1995-06,1.69,0.83,2.09,-3.09,9.79,3.86,4.92,4.47,-0.46,2.15
1995-07,1.25,2.65,3.52,2.3,7.91,5.14,3.54,5.3,-0.38,4.87
1995-08,0.68,0.72,-0.18,-1.61,-0.08,4.33,-2.78,1.04,0.98,3.72
1995-09,6.69,-0.52,2.25,1.31,1.28,5.63,2.75,7.45,6.24,4.56
1995-10,0.36,-4.78,-2.69,-0.24,1.45,-0.12,-5.5,1.13,1.48,-2.05
1995-11,4.52,5.45,6.49,4.76,-0.68,2.8,6.16,4.94,1.56,6.17
1995-12,1.7,3.15,1.54,5.79,-4.2,3.94,-0.81,5.92,5.06,1.12
1996-01,2.67,3.49,3.36,-0.36,1.95,2.33,-0.37,5.95,1.91,3.52
1996-02,3.12,2.02,0.9,1.05,6.33,-2.2,4.33,-1.07,-2.58,2.23
1996-03,-0.94,4.28,3.48,4.98,-3.42,-1.87,5.96,0.23,-0.47,1.7
1996-04,0.1,3.54,1.64,3.44,10.01,2.7,4.22,-0.6,-2.59,0.19
1996-05,6.56,2.24,2.36,0.48,3.85,0.06,4.39,3.93,1.35,1.58
1996-06,3.24,-4.93,-0.46,0.92,-4.92,0.43,-1.62,-0.19,5.21,-0.25
1996-07,-4.1,-4.18,-4.0,-4.67,-7.52,-8.54,-7.53,-6.06,-5.82,-4.32
1996-08,-0.75,3.16,3.24,2.97,4.42,-0.92,5.83,4.19,2.89,3.91
1996-09,3.68,2.39,6.14,4.0,10.58,1.52,3.52,7.34,0.67,5.07
1996-10,1.78,0.13,1.61,5.84,-1.25,-0.73,-2.23,-0.68,3.61,3.96
1996-11,5.13,6.01,6.09,5.53,12.02,5.65,3.12,6.66,2.61,7.54
1996-12,0.51,-3.19,-0.42,0.8,-2.53,2.63,-3.46,-2.66,0.14,-1.8
1997-01,5.58,3.16,4.25,4.32,9.38,2.34,0.17,9.55,0.9,6.04
1997-02,4.09,0.35,0.81,-5.69,-7.44,2.28,3.08,0.94,-0.57,2.6
1997-03,-5.12,-3.94,-3.74,5.21,-5.55,-7.6,-1.29,-7.4,-2.76,-5.89
1997-04,5.19,2.31,5.34,0.05,8.15,2.54,2.21,6.16,-1.39,5.23
1997-05,5.89,6.67,7.81,7.33,10.14,6.64,6.04,6.91,3.77,6.24
1997-06,3.53,3.9,5.21,1.31,1.34,3.78,5.02,8.89,3.06,5.37
1997-07,3.35,7.46,7.15,7.4,15.96,2.75,7.78,2.06,2.81,9.23
1997-08,-6.25,1.37,-5.55,0.24,-1.3,-2.28,-2.57,-6.14,-1.16,-4.8
1997-09,5.56,5.34,3.31,6.3,3.47,9.68,5.19,6.62,4.65,7.91
1997-10,-3.14,-3.3,-5.88,-2.01,-8.42,3.33,-2.2,0.26,0.94,-2.63
1997-11,6.45,-1.63,4.22,-3.55,1.46,10.26,5.35,2.86,7.14,3.02
1997-12,3.78,4.1,-0.25,-1.51,-4.18,4.56,-0.24,3.55,7.97,5.34
1998-01,-2.89,0.55,0.72,-5.73,5.25,4.84,0.91,5.73,-4.37,-2.12
1998-02,5.14,12.28,7.12,6.83,10.42,2.62,10.38,5.44,2.65,8.19
1998-03,5.72,6.24,4.88,4.8,1.33,9.81,6.55,3.61,6.77,5.79
1998-04,-3.1,0.99,1.25,3.8,5.08,-3.03,-0.38,1.92,-2.51,1.82
1998-05,1.08,7.2,-2.47,-4.2,-6.95,-1.65,2.14,-2.47,-0.88,-3.01
1998-06,3.8,1.8,-0.57,-1.36,8.73,3.21,4.81,6.18,2.84,3.13
1998-07,-4.07,-1.32,-5.77,-6.79,0.47,3.83,-3.1,-0.22,-5.34,-1.71
1998-08,-12.99,-19.17,-14.29,-10.41,-17.6,-11.74,-14.24,-12.26,2.25,-21.36
1998-09,1.3,1.55,0.57,13.01,15.2,10.02,1.48,12.0,7.98,2.68
1998-10,10.8,11.71,11.19,1.28,6.35,6.82,10.56,3.86,-1.76,8.98
1998-11,6.33,4.84,3.59,0.45,11.62,3.67,9.55,6.18,1.35,6.2
1998-12,0.51,4.26,2.33,-1.16,15.25,14.32,8.97,5.02,2.83,3.6
1999-01,-3.41,5.43,0.56,-5.51,15.09,8.79,2.36,0.24,-6.26,1.11
1999-02,-3.78,-4.31,-1.95,-3.17,-11.46,-2.92,-1.5,0.22,-3.78,-0.01
1999-03,-1.96,-0.84,4.75,15.42,8.51,-0.66,2.79,2.55,-1.69,2.41
1999-04,3.76,10.33,9.27,15.91,2.36,8.33,0.51,-5.53,7.18,6.77
1999-05,1.41,-5.54,-3.17,-3.13,-0.67,1.03,-2.88,-2.05,6.72,-3.52
1999-06,0.33,0.59,4.56,-1.48,11.72,5.85,7.92,4.49,-4.29,3.24
1999-07,-2.48,-5.97,-1.1,1.65,-1.8,-1.61,-5.02,-4.44,-0.61,-6.06
1999-08,-4.63,1.12,-0.36,1.86,5.45,-7.57,-5.97,3.72,0.62,-5.12
1999-09,-6.78,-7.76,-2.82,-3.88,-0.21,4.45,1.45,-7.09,-4.31,-4.38
1999-10,6.46,4.44,4.37,-1.58,3.25,9.53,3.34,10.78,2.17,11.42
1999-11,-1.23,-1.93,-1.04,3.78,12.87,4.29,4.18,1.5,-7.45,-2.25
1999-12,-2.5,2.88,9.79,0.68,20.76,4.18,6.46,-5.63,-2.34,1.43
2000-01,-4.77,-0.87,-7.99,0.9,-4.71,-4.04,-11.23,7.56,5.75,-4.64
2000-02,-6.19,-7.95,-4.24,-5.44,18.18,-3.59,-3.86,-2.88,-7.26,-6.98
2000-03,7.74,10.51,8.36,12.26,3.95,7.57,13.28,0.28,5.77,14.12
2000-04,-1.82,9.27,0.96,-1.98,-10.69,-7.9,-4.27,5.25,7.6,-3.41
2000-05,7.22,-13.22,-1.41,9.44,-10.84,-10.41,-2.7,3.94,3.9,3.46
2000-06,2.39,-9.48,-1.14,-5.17,13.03,4.16,-2.32,11.51,-4.76,-2.82
2000-07,0.79,4.61,-0.63,-2.61,-5.18,-7.41,-1.37,-6.16,4.43,5.55
2000-08,-1.81,4.57,6.96,8.91,12.56,-0.96,-2.45,3.58,11.72,9.08
2000-09,3.46,-4.1,-6.06,4.37,-14.99,-4.07,2.7,3.72,9.63,0.36
2000-10,7.63,1.88,4.59,-3.05,-7.28,-0.42,-1.51,2.59,-2.25,-1.07
2000-11,2.78,-11.21,-3.63,-2.95,-23.36,-15.51,-1.37,0.79,3.1,-5.95
2000-12,5.46,1.07,7.14,7.75,-7.95,-4.38,5.62,3.53,6.58,7.18
2001-01,-1.92,13.2,-0.12,-3.39,16.53,14.39,6.63,-8.93,-10.77,0.05
2001-02,0.18,-1.25,-4.29,0.12,-25.96,-9.89,-5.35,-0.5,6.24,-4.38
2001-03,-4.65,-3.06,-7.31,-0.31,-13.59,-5.69,-2.87,-8.44,1.64,-4.11
2001-04,0.93,8.44,8.48,10.32,17.99,2.51,5.6,3.99,5.46,5.78
2001-05,3.35,-2.32,2.89,0.09,-3.33,-1.28,1.6,3.03,0.01,3.75
2001-06,-1.61,3.48,-4.52,-7.71,1.48,-3.0,-2.49,-2.85,-6.22,0.03
2001-07,-0.19,3.28,0.5,-2.55,-7.58,-0.67,4.59,2.3,-3.66,-2.27
2001-08,2.51,-11.36,-1.91,-3.59,-12.65,-9.24,-6.98,-3.11,0.42,-5.33
2001-09,-2.57,-16.9,-12.76,-5.65,-18.94,-2.45,-9.6,-0.59,-6.39,-8.3
2001-10,1.08,0.9,3.88,4.78,15.68,-9.39,1.64,1.18,1.41,-0.58
2001-11,2.08,15.5,8.35,-4.11,15.92,6.09,10.14,5.04,-1.63,7.92
2001-12,2.02,-0.91,2.67,6.16,-0.59,2.74,4.51,-2.88,3.85,3.3
2002-01,1.92,2.94,1.65,-2.99,-0.56,-7.14,2.76,-2.36,-4.07,-2.92
2002-02,4.36,3.05,4.3,5.19,-13.2,-2.39,-0.09,-0.51,-0.25,-0.52
2002-03,3.74,6.92,4.96,7.81,6.43,0.31,2.03,0.47,10.04,5.43
2002-04,2.66,1.74,-1.48,-4.4,-11.76,-12.71,-1.38,-7.59,-0.56,-3.74
2002-05,1.44,-0.21,-0.31,-0.59,-3.78,3.01,-1.26,-2.23,-6.47,-0.39
2002-06,-5.79,-8.11,-3.11,-0.44,-12.21,-14.4,-5.08,-9.6,-5.36,-5.38
2002-07,-6.72,-12.26,-8.51,-11.95,-9.63,-11.67,-11.31,-2.55,-12.3,-6.41
2002-08,2.49,0.38,-1.27,0.54,-0.87,0.33,1.9,0.65,3.38,1.14
2002-09,-7.68,-11.08,-8.26,-8.13,-16.74,-9.3,-9.4,-5.86,-10.86,-10.7
2002-10,5.22,-3.3,3.89,3.28,19.41,21.36,5.7,5.68,-0.68,6.38
2002-11,-1.27,12.07,6.23,3.17,16.14,11.76,1.93,3.71,1.62,4.61
2002-12,0.0,-7.26,-3.76,0.76,-13.03,-9.07,-6.94,-4.05,3.85,-4.98
2003-01,-4.78,-3.23,-4.07,-2.41,-1.47,-3.53,-4.77,-0.59,-3.17,-2.32
2003-02,-3.11,-5.05,-2.16,1.98,1.27,-6.44,-1.21,-1.94,-3.92,-2.62
2003-03,-2.67,-2.76,1.31,1.18,-0.97,-0.6,4.61,3.79,4.35,0.75
2003-04,4.7,15.18,6.39,-0.57,9.27,11.15,8.9,4.32,7.44,11.78
2003-05,9.22,2.85,4.63,8.91,9.77,6.16,3.41,3.91,10.11,5.3
2003-06,1.57,2.68,0.54,-1.21,0.25,1.97,3.47,4.11,0.66,0.94
2003-07,-2.33,6.6,4.95,-2.7,5.67,-1.65,3.32,0.62,-5.25,3.53
2003-08,0.66,7.86,4.19,6.26,6.05,1.34,6.76,-2.53,1.91,0.61
2003-09,1.11,-4.07,-3.75,-2.31,-0.89,-5.65,-4.53,0.24,3.9,0.35
2003-10,5.59,6.97,8.86,1.54,8.23,6.66,9.03,0.72,1.58,6.42
2003-11,3.78,3.09,2.08,0.61,1.89,-0.63,0.58,1.64,0.94,1.11
2003-12,3.31,12.3,6.75,13.58,2.1,7.39,-2.13,5.69,5.81,4.48
2004-01,0.12,-1.12,-0.62,0.45,4.5,1.42,0.45,3.04,1.92,2.72
2004-02,4.28,-0.11,1.99,4.69,-2.93,-0.79,6.08,0.91,2.06,2.02
2004-03,-0.3,-1.15,-0.22,-0.16,-2.54,-2.44,0.3,-3.91,1.17,-0.61
2004-04,1.51,2.38,-0.19,2.48,-4.9,-0.51,-2.68,3.57,-3.51,-3.84
2004-05,-2.19,-1.61,1.59,0.42,4.83,-2.95,0.27,-0.38,1.28,2.08
2004-06,1.87,5.08,5.35,5.49,2.63,0.56,0.07,-0.38,2.01,1.51
2004-07,-5.83,-4.69,-4.04,3.28,-8.49,-1.27,-3.98,-5.89,1.05,-2.4
2004-08,0.83,-2.3,1.28,-1.24,-4.43,1.28,-1.15,1.65,3.67,1.93
2004-09,-1.76,2.45,1.91,8.88,3.29,1.34,2.58,-1.41,1.42,1.24
2004-10,2.87,-2.65,-1.37,0.66,5.03,3.36,3.08,-2.41,4.23,1.22
2004-11,4.52,7.18,7.17,6.56,5.84,3.42,3.61,0.66,4.92,4.96
2004-12,4.8,4.85,2.61,-2.09,3.19,4.34,3.43,5.65,2.41,4.42
2005-01,-0.08,-6.71,-1.79,3.02,-6.12,-3.93,-1.08,-4.05,1.76,-2.44
2005-02,0.6,-0.28,4.15,19.03,-0.18,-0.15,0.86,2.47,2.32,0.22
2005-03,-0.88,-7.56,-1.48,-3.27,-2.4,-0.11,0.0,-0.42,0.63,-2.4
2005-04,-1.02,-11.06,-4.75,-5.79,-4.54,-1.94,-5.34,3.95,2.1,-1.64
2005-05,2.27,8.65,2.89,2.17,7.75,1.42,6.39,1.45,1.7,3.38
2005-06,-1.61,1.77,-1.2,5.85,-1.57,0.05,2.47,-0.56,5.57,1.4
2005-07,2.41,5.21,5.8,6.14,6.01,2.91,5.84,3.74,2.99,2.44
2005-08,0.1,-2.73,-1.4,5.71,-0.58,-1.14,-5.56,-0.33,1.16,-1.7
2005-09,0.25,-4.8,0.75,7.05,0.75,-1.58,-1.75,-1.95,4.39,1.22
2005-10,-1.81,-4.17,-2.43,-10.01,-1.64,-3.08,1.62,-3.25,-6.85,1.25
2005-11,1.01,2.28,5.31,1.38,6.54,2.42,4.0,1.56,-0.19,4.94
2005-12,-0.16,-0.66,1.44,0.72,-1.81,-1.59,-0.61,2.4,1.23,0.18
2006-01,0.18,6.15,5.03,12.69,3.77,3.58,1.99,2.16,3.05,1.54
2006-02,1.15,-0.31,1.19,-8.22,-1.25,3.3,1.44,1.07,0.23,1.09
2006-03,1.23,2.77,2.96,4.2,2.97,1.87,2.41,-0.96,-3.64,1.86
2006-04,1.03,0.53,4.01,4.64,-1.08,1.56,-1.66,-1.93,1.85,2.24
2006-05,1.3,0.5,-3.31,-3.38,-6.79,-0.12,-1.93,-2.19,1.52,-3.23
2006-06,-0.08,1.92,-0.51,2.58,-1.18,2.88,0.27,-0.14,2.41,-0.32
2006-07,3.49,-3.16,-3.78,4.7,-3.92,2.26,-4.31,4.27,4.87,-1.11
2006-08,3.09,2.06,2.08,-3.56,7.19,2.24,2.05,2.3,2.35,1.63
2006-09,-0.31,4.27,1.92,-3.53,3.67,3.42,5.76,1.67,-2.15,3.36
2006-10,2.59,5.13,4.36,5.02,4.28,5.45,3.91,1.65,5.36,2.89
2006-11,1.44,1.86,3.58,8.56,3.02,0.69,-1.31,0.07,3.03,1.74
2006-12,1.98,-0.79,0.51,-2.07,-0.99,4.36,1.45,0.07,0.7,3.22
2007-01,1.35,2.71,3.23,-1.31,2.18,2.88,3.55,3.49,0.38,1.09
2007-02,-1.79,-0.43,0.8,-2.17,-2.49,-2.5,-0.63,-2.81,4.25,-2.31
2007-03,2.47,-1.07,1.58,5.99,0.91,2.32,0.73,-0.21,4.34,-0.27
2007-04,3.74,6.26,4.4,5.39,4.91,2.11,2.23,6.82,3.92,3.39
2007-05,2.81,3.42,4.84,7.19,3.9,6.68,2.51,1.09,1.2,3.35
2007-06,-0.86,2.12,-0.6,1.04,0.61,-1.73,-1.95,-3.4,-4.78,-2.68
2007-07,-4.26,-5.9,-0.1,-1.02,-1.26,-3.15,-5.36,-4.04,-3.82,-5.48
2007-08,1.83,-1.78,0.74,0.3,2.69,-0.8,1.4,2.3,1.93,0.89
2007-09,3.76,1.6,5.4,7.8,4.19,1.97,-0.72,3.58,3.57,2.68
2007-10,2.2,1.04,0.96,2.74,6.84,-2.29,1.07,1.44,6.69,-0.12
2007-11,1.04,-8.72,-2.64,-4.0,-7.42,-6.75,-3.78,0.03,-0.69,-6.32
2007-12,-1.11,-1.89,0.89,7.6,1.42,-0.2,-2.72,-4.07,0.89,-3.6
2008-01,-4.95,-5.94,-7.44,-9.34,-12.31,-7.66,-0.42,-4.55,-6.92,-1.98
2008-02,-0.22,-5.91,0.76,7.16,-3.7,-3.81,-4.85,-0.92,-3.01,-8.32
2008-03,1.18,-4.14,0.04,-2.8,0.73,-0.21,1.88,-1.79,0.88,-1.73
2008-04,-1.38,6.63,4.95,10.71,6.83,4.42,5.18,0.41,6.33,3.65
2008-05,3.67,1.75,3.31,4.37,5.42,4.8,1.05,1.63,3.57,-2.42
2008-06,-7.37,-19.3,-9.32,2.91,-8.98,-11.05,-8.1,-3.01,-0.58,-14.82
2008-07,1.91,-0.21,-0.22,-15.69,-0.82,-3.01,1.15,6.76,-7.23,4.32
2008-08,1.91,2.47,1.51,-0.17,2.36,4.09,5.38,1.79,-0.5,0.3
2008-09,-2.96,-9.19,-13.34,-12.46,-12.54,-12.7,-5.78,-5.95,-12.11,-6.8
2008-10,-12.19,-32.63,-20.75,-17.23,-18.23,-16.35,-15.12,-10.96,-11.07,-20.06
2008-11,-6.73,-11.44,-7.82,-0.45,-11.23,-1.82,-7.68,-7.36,1.08,-12.1
2008-12,0.3,1.3,1.41,-3.13,2.31,3.44,4.91,6.75,-2.08,1.38
2009-01,-3.63,-12.48,-9.23,-3.11,-3.15,-10.35,-7.62,-2.2,-0.81,-18.34
2009-02,-7.59,-12.82,-13.5,-11.95,-4.94,-7.15,-3.11,-9.92,-12.65,-14.01
2009-03,6.38,12.83,7.58,3.76,11.28,7.64,9.94,7.05,2.79,12.9
2009-04,4.78,42.63,17.51,5.2,12.38,10.43,9.56,-0.95,2.13,16.37
2009-05,6.76,-2.82,5.39,10.77,3.17,1.52,-0.9,6.26,4.66,7.75
2009-06,0.34,3.71,-1.7,-4.84,4.35,1.63,-0.32,3.54,4.66,-1.92
2009-07,7.44,18.43,11.41,5.31,8.26,5.42,6.75,5.52,4.35,8.91
2009-08,0.83,2.65,2.94,0.73,2.37,1.03,3.69,2.19,0.21,8.06
2009-09,4.32,3.08,6.45,5.19,5.24,6.34,2.38,2.4,2.33,3.22
2009-10,-0.69,-0.25,-2.71,2.23,-1.4,-3.55,0.06,-3.67,-2.74,-5.23
2009-11,3.82,9.46,7.6,3.17,4.97,6.49,5.04,8.22,4.51,5.75
2009-12,2.67,5.07,2.8,-0.55,5.89,6.25,1.97,2.45,5.86,1.23
2010-01,-2.33,-0.87,-3.27,-4.73,-7.84,-6.84,-1.85,0.0,-4.5,-1.66
2010-02,2.72,7.3,5.18,2.41,4.76,2.92,4.29,0.38,-0.43,3.39
2010-03,5.98,9.28,6.52,3.17,6.67,7.88,6.24,3.61,3.1,8.42
2010-04,-0.93,7.2,3.24,3.6,2.16,3.82,2.56,-2.23,2.86,2.16
2010-05,-5.68,-8.7,-8.31,-10.7,-7.67,-5.91,-5.34,-8.01,-6.31,-8.83
2010-06,-1.94,-10.31,-5.75,-6.41,-6.16,-4.33,-9.02,-1.63,-0.72,-7.66
2010-07,7.37,15.02,9.58,7.74,7.5,9.74,4.62,2.14,6.79,7.49
2010-08,-1.25,-9.48,-5.51,-3.38,-6.45,-2.23,-3.93,-1.66,0.41,-7.55
2010-09,6.2,13.63,10.11,9.64,12.43,7.86,12.08,9.01,3.64,8.84
2010-10,4.35,8.4,5.13,4.38,6.38,4.81,2.43,2.0,1.86,2.6
2010-11,0.05,7.28,1.48,5.59,-0.82,-1.86,4.18,-3.34,-1.31,0.51
2010-12,4.37,8.54,7.01,9.37,6.04,6.71,3.26,5.41,3.22,9.73
2011-01,-2.35,0.48,2.83,6.93,3.93,0.05,-0.88,-0.71,2.23,1.98
2011-02,4.86,-1.4,3.43,7.65,2.31,7.59,2.27,3.33,2.43,2.67
2011-03,3.05,1.73,1.84,1.91,-1.58,1.77,1.1,2.3,0.91,-0.86
2011-04,4.59,2.22,2.99,1.3,3.13,3.41,4.53,6.38,3.99,1.11
2011-05,1.93,-3.54,-2.15,-4.56,-1.69,0.77,0.83,1.97,1.3,-2.39
2011-06,-1.01,-1.23,-0.59,-2.49,-2.34,-1.24,-0.89,-1.83,-0.34,-2.06
2011-07,-0.43,-8.91,-4.7,0.51,-0.34,-5.03,-0.67,-3.65,-0.35,-3.76
2011-08,-0.68,-12.0,-6.09,-10.11,-6.9,-5.45,-2.88,-3.1,0.14,-7.61
2011-09,-4.86,-14.11,-11.03,-12.47,-4.86,-5.94,-3.89,-3.96,-1.63,-10.31
2011-10,6.45,23.2,14.07,16.45,11.9,7.72,9.77,5.53,6.68,13.32
2011-11,1.4,-8.01,1.4,1.66,-2.01,0.05,1.1,1.27,0.99,-1.62
2011-12,1.88,-1.16,-0.8,-0.59,-1.46,3.2,0.87,3.53,2.95,1.07
2012-01,0.44,13.51,6.74,1.39,8.17,2.31,4.05,3.39,-2.71,6.77
2012-02,3.97,6.02,3.83,6.56,6.71,5.0,3.19,1.23,1.25,3.86
2012-03,3.91,0.92,0.7,-3.26,4.69,2.52,4.61,3.96,1.44,4.76
2012-04,0.82,-6.98,-0.68,-1.71,-2.09,1.62,1.0,0.62,1.74,-1.71
2012-05,-2.65,-8.15,-7.79,-10.73,-7.87,-1.05,-3.09,-3.29,-0.93,-7.2
2012-06,3.34,-5.51,1.22,5.85,2.85,7.04,2.11,6.8,3.4,4.76
2012-07,1.37,0.31,0.89,2.74,-0.54,4.07,1.26,1.65,3.73,-0.98
2012-08,0.21,4.11,3.31,2.4,4.53,1.08,2.7,0.97,-3.34,2.78
2012-09,0.88,3.58,1.63,3.58,1.58,4.81,1.97,4.71,2.17,3.8
2012-10,-1.71,5.91,-0.66,-1.79,-6.3,-2.3,-1.01,-1.89,1.05,0.65
2012-11,3.26,3.11,2.64,-1.51,1.89,0.06,1.42,1.5,-3.68,-0.03
2012-12,-2.26,7.3,2.79,1.28,0.24,1.15,-1.09,-0.53,0.14,3.43
2013-01,5.1,3.54,6.03,7.67,2.51,4.96,5.57,8.07,5.08,6.95
2013-02,3.21,0.02,1.29,0.38,0.54,2.21,0.84,1.35,2.16,1.8
2013-03,5.02,4.02,2.61,2.08,2.64,5.77,4.73,6.5,5.64,4.02
2013-04,3.82,3.57,0.83,-1.35,0.52,4.21,2.66,2.58,5.05,0.84
2013-05,-2.29,9.9,3.38,3.01,4.37,-1.7,2.22,1.63,-6.99,6.04
2013-06,0.07,-0.49,-2.0,-2.37,-2.84,2.18,-0.06,-1.36,0.79,-1.17
2013-07,2.92,8.98,5.96,5.02,5.97,3.77,5.91,7.87,4.58,5.44
2013-08,-3.91,-1.1,-1.9,-1.88,-0.03,-3.29,-4.22,-3.81,-4.41,-3.64
2013-09,1.94,6.43,5.31,1.91,3.89,4.09,4.5,4.01,1.04,3.8
2013-10,4.75,0.89,4.47,4.77,3.95,5.59,5.08,3.82,3.34,3.78
2013-11,1.3,1.97,2.89,0.93,3.51,0.52,3.64,4.5,-1.8,4.59
2013-12,2.41,1.13,3.05,2.98,4.2,3.7,0.29,0.65,1.79,3.1
2014-01,-5.7,-3.62,-4.24,-7.04,-1.15,-4.0,-6.46,1.65,2.49,-4.41
2014-02,3.46,7.92,5.36,5.7,5.25,2.77,5.33,6.47,3.07,3.45
2014-03,3.26,-1.01,0.34,2.44,-0.85,0.07,-0.57,-2.56,2.68,2.29
2014-04,1.42,0.27,0.87,5.65,-1.2,0.25,-0.94,-0.3,3.97,-1.62
2014-05,3.44,0.64,1.26,0.86,3.45,3.97,0.94,1.88,0.0,1.77
2014-06,1.17,4.38,1.38,4.16,2.98,1.6,1.28,2.86,5.41,2.14
2014-07,-4.31,-4.63,-4.16,-3.6,0.32,0.46,-2.3,-0.34,-6.48,-2.18
2014-08,5.54,5.2,4.77,2.27,4.28,0.52,5.15,5.43,5.39,4.4
2014-09,-0.08,-9.42,-2.37,-8.01,-1.3,-1.71,-1.43,-0.08,-3.4,-1.04
2014-10,2.64,3.86,2.35,-4.44,1.31,1.41,3.03,5.76,6.69,3.27
2014-11,4.79,4.74,2.23,-9.87,4.25,3.04,7.46,2.66,0.29,2.75
2014-12,-2.36,0.58,-0.18,0.41,-1.28,-1.74,1.59,-0.88,1.85,1.13
2015-01,-0.55,-4.19,-3.86,-4.37,-3.29,-4.9,-0.3,1.56,1.18,-6.12
2015-02,5.03,8.08,6.23,4.82,8.27,9.1,5.56,4.31,-4.37,6.86
2015-03,-2.43,-0.4,-2.02,-2.67,-2.45,-2.21,0.7,0.84,-0.28,-0.75
2015-04,0.81,-0.93,-0.63,6.97,1.35,3.4,-2.18,-1.4,0.3,0.51
2015-05,1.53,1.03,0.98,-5.08,2.05,0.81,0.92,4.88,-0.5,1.75
2015-06,-1.32,-1.5,-1.88,-3.84,-3.51,-0.51,-0.6,0.08,-5.37,-0.35
2015-07,4.79,-2.17,-2.12,-8.99,2.4,1.41,4.78,3.66,2.61,2.0
2015-08,-4.18,-6.13,-5.58,-3.63,-5.85,-8.42,-5.34,-8.34,-4.01,-6.23
2015-09,-0.62,-3.23,-4.22,-5.85,-1.46,-2.61,-1.81,-7.29,-0.56,-3.11
2015-10,6.64,6.86,9.3,12.34,10.04,8.85,4.52,7.72,2.07,6.5
2015-11,-0.98,1.94,0.49,1.08,1.21,-1.92,0.85,0.72,-3.45,1.17
2015-12,0.79,-4.03,-2.71,-9.7,-2.48,-3.02,0.29,0.38,-2.36,-2.69
2016-01,0.11,-12.53,-5.63,-4.64,-6.2,-0.36,-4.17,-9.4,4.62,-8.24
2016-02,0.58,4.09,3.48,-2.88,-0.95,1.17,0.05,-1.06,1.72,-0.08
2016-03,5.0,10.76,6.82,10.9,8.42,6.02,5.72,2.92,7.92,7.06
2016-04,0.3,1.46,2.27,9.11,-4.03,0.6,-0.6,3.56,-0.78,2.3
2016-05,0.72,-1.11,-0.69,-0.92,5.08,0.3,0.99,2.47,2.24,0.91
2016-06,4.68,-5.69,0.85,2.65,-1.9,3.12,0.84,0.14,7.37,-2.71
2016-07,-0.05,8.64,4.05,-2.79,7.81,2.29,3.49,6.01,-0.22,3.56
2016-08,-0.61,0.29,1.53,1.4,1.88,-3.55,-1.44,-3.21,-3.92,3.36
2016-09,-2.51,-1.64,-0.21,2.93,2.39,0.54,-0.68,0.35,1.75,-1.25
2016-10,-0.15,-3.58,-2.61,-2.92,-1.13,-2.83,-3.97,-7.44,-0.61,0.59
2016-11,-3.76,7.6,6.1,9.55,0.57,6.26,4.45,1.38,-2.84,11.27
2016-12,3.53,3.83,0.5,2.18,0.86,4.68,-0.42,0.85,3.64,2.94
2017-01,1.63,2.77,3.43,-4.32,4.7,3.4,1.0,2.21,1.09,1.02
2017-02,3.73,0.68,4.13,-2.37,4.97,-0.07,2.81,7.1,4.02,3.72
2017-03,0.89,0.05,0.16,-1.2,2.17,0.83,0.8,-0.15,0.32,-1.67
2017-04,0.51,1.72,1.86,-2.84,2.79,-0.12,2.7,1.09,0.36,0.26
2017-05,3.08,-0.52,1.33,-3.45,4.27,-1.92,1.61,-0.43,2.58,-0.42
2017-06,-0.98,3.51,1.28,-0.21,-2.1,-2.27,-1.9,5.56,-1.89,4.18
2017-07,-0.12,-1.12,2.16,2.11,3.79,5.3,0.06,0.53,2.96,1.44
2017-08,-1.71,-0.16,0.17,-5.17,3.04,-2.56,-1.66,1.79,2.15,-0.4
2017-09,-0.33,5.29,4.21,11.14,0.58,-1.68,2.5,1.5,-1.93,4.31
2017-10,0.1,1.2,2.85,0.29,6.86,-5.74,2.69,-2.24,3.05,2.03
2017-11,4.1,-0.6,3.5,2.96,1.04,3.72,8.0,2.36,2.38,3.73
2017-12,2.01,-0.83,2.28,5.07,-0.22,4.59,2.44,-0.23,-4.96,1.43
2018-01,1.91,2.54,4.21,2.82,7.58,3.18,9.4,6.38,-2.77,5.93
2018-02,-6.21,-6.02,-3.96,-10.88,-0.04,-7.32,-4.73,-3.9,-4.55,-3.32
2018-03,-1.07,-5.59,-2.14,2.99,-3.29,-2.52,-2.54,-2.0,3.14,-2.67
2018-04,-3.96,-0.13,-3.36,10.14,-0.14,-2.42,3.9,-0.28,2.79,0.44
2018-05,-0.51,2.95,2.57,3.49,6.93,-0.93,0.85,2.43,0.25,1.22
2018-06,4.53,0.79,-0.95,0.56,-0.34,6.23,3.03,1.52,2.59,-1.0
2018-07,2.8,-1.42,5.16,1.05,2.27,2.7,3.15,6.08,1.73,4.03
2018-08,-1.07,-0.52,-0.23,-2.85,7.32,2.94,8.04,4.47,0.86,2.44
2018-09,0.71,-3.67,1.38,3.46,-0.26,1.75,0.58,1.99,-0.55,-1.19
2018-10,-0.24,-3.21,-10.01,-12.06,-8.78,-0.53,-8.71,-8.85,-0.08,-6.62
2018-11,0.46,5.25,4.65,-2.39,-1.63,2.53,2.45,6.3,3.24,3.06
2018-12,-11.23,-11.4,-8.7,-13.15,-8.13,-8.86,-9.05,-8.41,-4.81,-10.63
2019-01,7.3,10.47,9.74,10.46,9.58,5.69,8.2,5.01,5.45,9.2
2019-02,1.42,3.91,5.27,2.46,5.56,3.32,0.85,3.05,3.6,2.76
2019-03,3.68,-5.22,-0.77,2.0,3.72,0.3,3.39,0.62,3.33,-1.24
2019-04,3.19,3.55,4.03,0.17,6.03,6.34,4.6,-3.05,0.99,6.62
2019-05,-5.54,-12.02,-9.16,-11.86,-8.52,-3.05,-6.1,-3.46,-1.53,-6.21
2019-06,4.93,12.82,8.19,8.84,7.87,5.03,7.18,7.26,3.62,6.75
2019-07,1.73,1.16,0.8,-2.67,3.64,1.86,0.89,-1.84,-0.92,1.61
2019-08,-1.33,-4.22,-1.74,-8.84,-2.79,0.43,0.07,-0.37,3.51,-4.39
2019-09,1.85,3.25,3.99,3.69,0.93,1.3,0.76,-0.7,3.92,2.03
2019-10,-0.02,7.14,0.05,-2.05,3.28,2.23,0.69,4.43,-1.4,3.0
2019-11,2.19,2.8,3.36,1.23,5.08,1.76,2.18,5.37,-2.1,4.94
2019-12,3.53,5.15,1.47,6.3,3.67,1.23,1.41,3.37,3.99,2.37
2020-01,-0.38,5.92,-3.09,-11.97,3.27,-2.09,0.87,-1.78,4.92,-1.29
2020-02,-8.73,-7.34,-8.55,-15.33,-6.85,-5.95,-6.76,-5.64,-9.88,-9.8
2020-03,-11.49,-22.7,-16.86,-34.61,-9.82,-13.39,-7.58,-5.33,-13.02,-18.9
2020-04,8.01,25.75,11.04,32.33,15.18,9.64,18.02,13.09,4.98,10.42
2020-05,3.3,7.3,5.96,0.55,8.33,4.86,4.38,3.97,4.57,4.05
2020-06,-0.03,14.2,2.56,-0.37,6.0,-2.44,4.21,-1.76,-5.04,0.0
2020-07,5.83,18.73,4.47,-4.77,6.9,5.09,9.53,4.44,6.37,3.62
